x,y,reading
62,21,0.114738
63,20,0.1271142142857143
63,21,0.123991
63,22,0.12086778571428572
63,23,0.11774457142857143
63,24,0.11462135714285715
64,19,0.13949042857142857
64,20,0.1363672142857143
64,21,0.133244
64,22,0.1301207857142857
64,23,0.12699757142857143
64,24,0.12387435714285716
64,25,0.12075114285714285
64,26,0.11762792857142858
64,27,0.11450471428571427
64,28,0.1113815
65,18,0.15186664285714285
65,19,0.14874342857142858
65,20,0.14562021428571428
65,21,0.142497
65,22,0.13937378571428571
65,23,0.13625057142857144
65,24,0.13312735714285714
65,25,0.13000414285714287
65,26,0.12688092857142858
65,27,0.12375771428571428
65,28,0.1206345
65,29,0.11751128571428571
65,30,0.11438807142857144
65,31,0.11126485714285715
66,17,0.16424285714285713
66,18,0.16111964285714284
66,19,0.15799642857142857
66,20,0.1548732142857143
66,21,0.15175
66,22,0.1486267857142857
66,23,0.14550357142857143
66,24,0.14238035714285713
66,25,0.13925714285714286
66,26,0.1361339285714286
66,27,0.1330107142857143
66,28,0.1298875
66,29,0.1267642857142857
66,30,0.12364107142857143
66,31,0.12051785714285715
66,32,0.11739464285714285
66,33,0.11427142857142857
66,34,0.11114821428571428
66,35,0.108025
67,16,0.17661907142857142
67,17,0.17349585714285715
67,18,0.17037264285714285
67,19,0.16724942857142858
67,20,0.1641262142857143
67,21,0.161003
67,22,0.1578797857142857
67,23,0.15475657142857144
67,24,0.15163335714285714
67,25,0.14851014285714284
67,26,0.14538692857142857
67,27,0.1422637142857143
67,28,0.1391405
67,29,0.1360172857142857
67,30,0.13289407142857143
67,31,0.12977085714285716
67,32,0.13072140243902436
67,33,0.13574570731707314
67,34,0.14077001219512192
67,35,0.1457943170731707
68,14,0.1921185
68,15,0.1889952857142857
68,16,0.18587207142857143
68,17,0.18274885714285713
68,18,0.17962564285714286
68,19,0.17650242857142856
68,20,0.1733792142857143
68,21,0.17025600000000002
68,22,0.1671327857142857
68,23,0.16400957142857142
68,24,0.16088635714285712
68,25,0.15776314285714285
68,26,0.15463992857142855
68,27,0.1515167142857143
68,28,0.1483935
68,29,0.1534178048780488
68,30,0.15844210975609757
68,31,0.16346641463414635
68,32,0.16849071951219513
68,33,0.1735150243902439
68,34,0.1785393292682927
68,35,0.18356363414634147
68,36,0.18858793902439025
69,13,0.20449471428571428
69,14,0.2013715
69,15,0.19824828571428568
69,16,0.19512507142857144
69,17,0.1920018571428571
69,18,0.18887864285714284
69,19,0.18575542857142857
69,20,0.1826322142857143
69,21,0.179509
69,22,0.17638578571428568
69,23,0.1732625714285714
69,24,0.17013935714285713
69,25,0.1710899024390244
69,26,0.17611420731707317
69,27,0.18113851219512195
69,28,0.18616281707317073
69,29,0.1911871219512195
69,30,0.1962114268292683
69,31,0.20123573170731707
69,32,0.20626003658536582
69,33,0.21128434146341463
69,34,0.2163086463414634
69,35,0.2213329512195122
69,36,0.22635725609756097
70,12,0.2168709285714286
70,13,0.21374771428571426
70,14,0.2106245
70,15,0.2075012857142857
70,16,0.20437807142857145
70,17,0.20125485714285712
70,18,0.19813164285714288
70,19,0.19500842857142855
70,20,0.19188521428571428
70,21,0.18876199999999999
70,22,0.19378630487804877
70,23,0.19881060975609754
70,24,0.20383491463414632
70,25,0.2088592195121951
70,26,0.21388352439024388
70,27,0.21890782926829272
70,28,0.2239321341463415
70,29,0.22895643902439028
70,30,0.23398074390243903
70,31,0.2390050487804878
70,32,0.24402935365853656
70,33,0.24905365853658534
70,34,0.2540779634146341
70,35,0.2591022682926829
70,36,0.2641265731707317
70,37,0.26915087804878046
71,11,0.22924714285714284
71,12,0.22612392857142857
71,13,0.22300071428571427
71,14,0.2198775
71,15,0.2167542857142857
71,16,0.21363107142857146
71,17,0.2105078571428571
71,18,0.21145840243902436
71,19,0.21648270731707317
71,20,0.22150701219512192
71,21,0.2265313170731707
71,22,0.23155562195121948
71,23,0.23657992682926826
71,24,0.24160423170731704
71,25,0.24662853658536588
71,26,0.25165284146341466
71,27,0.25667714634146344
71,28,0.26170145121951216
71,29,0.266725756097561
71,30,0.2717500609756097
71,31,0.27677436585365855
71,32,0.2817986707317073
71,33,0.2868229756097561
71,34,0.29184728048780484
71,35,0.2968715853658536
71,36,0.30189589024390245
71,37,0.3069201951219512
71,38,0.3119445
72,10,0.24162335714285713
72,11,0.23850014285714286
72,12,0.23537692857142856
72,13,0.23225371428571429
72,14,0.22913050000000001
72,15,0.23415480487804877
72,16,0.23917910975609755
72,17,0.24420341463414635
72,18,0.24922771951219513
72,19,0.2542520243902439
72,20,0.2592763292682927
72,21,0.2643006341463415
72,22,0.26932493902439025
72,23,0.274349243902439
72,24,0.2793735487804878
72,25,0.2843978536585366
72,26,0.28942215853658537
72,27,0.2944464634146341
72,28,0.29947076829268293
72,29,0.3044950731707317
72,30,0.3095193780487805
72,31,0.31454368292682927
72,32,0.31956798780487805
72,33,0.32459229268292683
72,34,0.3296165975609756
72,35,0.33464090243902445
72,36,0.33966520731707317
72,37,0.3446895121951219
72,38,0.34971381707317073
73,9,0.25399957142857144
73,10,0.25087635714285716
73,11,0.2518269024390244
73,12,0.25685120731707317
73,13,0.26187551219512195
73,14,0.26689981707317073
73,15,0.2719241219512195
73,16,0.2769484268292683
73,17,0.28197273170731707
73,18,0.2869970365853659
73,19,0.29202134146341463
73,20,0.2970456463414634
73,21,0.3020699512195122
73,22,0.3070942560975609
73,23,0.31211856097560975
73,24,0.31714286585365853
73,25,0.3221671707317073
73,26,0.3271914756097561
73,27,0.33221578048780487
73,28,0.33724008536585365
73,29,0.3422643902439024
73,30,0.3472886951219512
73,31,0.35231300000000004
73,32,0.35733730487804877
73,33,0.36236160975609755
73,34,0.3673859146341463
73,35,0.3724102195121951
73,36,0.37743452439024394
73,37,0.38245882926829267
73,38,0.38748313414634145
73,39,0.3925074390243903
74,7,0.269499
74,8,0.27452330487804877
74,9,0.27954760975609755
74,10,0.28457191463414633
74,11,0.2895962195121951
74,12,0.2946205243902439
74,13,0.29964482926829267
74,14,0.30466913414634145
74,15,0.3096934390243902
74,16,0.314717743902439
74,17,0.31974204878048773
74,18,0.32476635365853657
74,19,0.32979065853658535
74,20,0.3348149634146341
74,21,0.3398392682926829
74,22,0.34486357317073174
74,23,0.3498878780487805
74,24,0.3549121829268293
74,25,0.359936487804878
74,26,0.36496079268292686
74,27,0.3699850975609756
74,28,0.3750094024390244
74,29,0.3800337073170732
74,30,0.3850580121951219
74,31,0.39008231707317076
74,32,0.3951066219512195
74,33,0.4001309268292683
74,34,0.4051552317073171
74,35,0.4101795365853659
74,36,0.41520384146341466
74,37,0.42022814634146344
74,38,0.42525245121951216
74,39,0.43027675609756094
75,7,0.27365064688427304
75,8,0.27947022017353573
75,9,0.2865459251626898
75,10,0.2936216301518438
75,11,0.3006973351409978
75,12,0.30777304013015183
75,13,0.31484874511930583
75,14,0.3219244501084598
75,15,0.3290001550976139
75,16,0.3360758600867679
75,17,0.3431515650759219
75,18,0.3502272700650759
75,19,0.3573029750542299
75,20,0.3643786800433839
75,21,0.371454385032538
75,22,0.3785300900216919
75,23,0.385605795010846
75,24,0.3926814999999999
75,25,0.39770580487804874
75,26,0.4027301097560976
75,27,0.4077544146341463
75,28,0.4127787195121951
75,29,0.4178030243902439
75,30,0.4228273292682927
75,31,0.4278516341463414
75,32,0.43287593902439025
75,33,0.43790024390243903
75,34,0.4429245487804878
75,35,0.44794885365853654
75,36,0.4529731585365854
75,37,0.45799746341463415
75,38,0.46302176829268293
75,39,0.4680460731707317
75,40,0.4730703780487805
76,7,0.277802293768546
76,8,0.28253321958456973
76,9,0.2894414403470716
76,10,0.2965171453362256
76,11,0.30359285032537964
76,12,0.31066855531453363
76,13,0.31774426030368763
76,14,0.32481996529284163
76,15,0.3318956702819957
76,16,0.3389713752711496
76,17,0.3460470802603037
76,18,0.3531227852494577
76,19,0.3601984902386117
76,20,0.3672741952277657
76,21,0.3743499002169197
76,22,0.3814256052060737
76,23,0.3885013101952278
76,24,0.39557701518438176
76,25,0.40265272017353576
76,26,0.40972842516268976
76,27,0.4168041301518438
76,28,0.42387983514099786
76,29,0.43095554013015186
76,30,0.4380312451193058
76,31,0.44510695010845985
76,32,0.4521826550976139
76,33,0.45925836008676785
76,34,0.4663340650759219
76,35,0.47340977006507595
76,36,0.4804854750542299
76,37,0.4875611800433839
76,38,0.49463688503253794
76,39,0.501712590021692
76,40,0.508788295010846
76,41,0.515864
77,7,0.281953940652819
77,8,0.2866848664688427
77,9,0.29233695553145334
77,10,0.29941266052060733
77,11,0.3064883655097614
77,12,0.3135640704989154
77,13,0.32063977548806943
77,14,0.32771548047722343
77,15,0.33479118546637743
77,16,0.3418668904555314
77,17,0.3489425954446855
77,18,0.3560183004338394
77,19,0.36309400542299347
77,20,0.3701697104121475
77,21,0.3772454154013015
77,22,0.3843211203904555
77,23,0.3913968253796095
77,24,0.3984725303687635
77,25,0.4055482353579175
77,26,0.41262394034707156
77,27,0.4196996453362256
77,28,0.4267753503253796
77,29,0.4338510553145336
77,30,0.4409267603036876
77,31,0.4480024652928416
77,32,0.45507817028199565
77,33,0.46215387527114965
77,34,0.4692295802603037
77,35,0.4763052852494577
77,36,0.48338099023861164
77,37,0.4904566952277657
77,38,0.49753240021691975
77,39,0.5046081052060737
77,40,0.5116838101952278
77,41,0.5193773584337349
78,6,0.2813746617210683
78,7,0.286105587537092
78,8,0.2908365133531157
78,9,0.29556743916913947
78,10,0.30230817570498913
78,11,0.3093838806941432
78,12,0.3164595856832972
78,13,0.3235352906724511
78,14,0.33061099566160523
78,15,0.33768670065075923
78,16,0.3447624056399132
78,17,0.3518381106290672
78,18,0.3589138156182212
78,19,0.3659895206073752
78,20,0.37306522559652927
78,21,0.3801409305856833
78,22,0.3872166355748373
78,23,0.3942923405639913
78,24,0.40136804555314526
78,25,0.4084437505422993
78,26,0.41551945553145336
78,27,0.42259516052060736
78,28,0.4296708655097614
78,29,0.43674657049891547
78,30,0.4438222754880694
78,31,0.4508979804772234
78,32,0.45797368546637746
78,33,0.46504939045553145
78,34,0.47212509544468545
78,35,0.4792008004338395
78,36,0.4862765054229935
78,37,0.4933522104121475
78,38,0.5004279154013015
78,39,0.5075036203904555
78,40,0.5149695421686747
78,41,0.5228907168674699
79,6,0.28552630860534123
79,7,0.290257234421365
79,8,0.2949881602373887
79,9,0.2997190860534124
79,10,0.30520369088937094
79,11,0.312279395878525
79,12,0.31935510086767893
79,13,0.32643080585683293
79,14,0.333506510845987
79,15,0.34058221583514103
79,16,0.347657920824295
79,17,0.354733625813449
79,18,0.361809330802603
79,19,0.368885035791757
79,20,0.375960740780911
79,21,0.3830364457700651
79,22,0.39011215075921907
79,23,0.3971878557483731
79,24,0.4042635607375271
79,25,0.41133926572668106
79,26,0.4184149707158351
79,27,0.4254906757049891
79,28,0.4325663806941432
79,29,0.43964208568329716
79,30,0.44671779067245115
79,31,0.45379349566160515
79,32,0.46086920065075926
79,33,0.46794490563991314
79,34,0.47502061062906725
79,35,0.48209631561822125
79,36,0.48917202060737525
79,37,0.4962477255965292
79,38,0.5033234305856833
79,39,0.5105617259036145
79,40,0.5184829006024096
79,41,0.5264040753012048
79,42,0.53432525
80,6,0.2896779554896143
80,7,0.29440888130563797
80,8,0.2991398071216617
80,9,0.30387073293768546
80,10,0.3086016587537092
80,11,0.31517491106290674
80,12,0.32225061605206073
80,13,0.32932632104121473
80,14,0.33640202603036873
80,15,0.3434777310195228
80,16,0.3505534360086768
80,17,0.3576291409978308
80,18,0.3647048459869848
80,19,0.3717805509761388
80,20,0.3788562559652928
80,21,0.3859319609544468
80,22,0.39300766594360087
80,23,0.40008337093275487
80,24,0.40715907592190886
80,25,0.41423478091106286
80,26,0.42131048590021686
80,27,0.42838619088937097
80,28,0.43546189587852496
80,29,0.4425376008676789
80,30,0.44961330585683296
80,31,0.456689010845987
80,32,0.46376471583514106
80,33,0.470840420824295
80,34,0.47791612581344906
80,35,0.48499183080260305
80,36,0.49206753579175694
80,37,0.49914324078091105
80,38,0.5062189457700651
80,39,0.5140750843373494
80,40,0.5219962590361445
80,41,0.5299174337349398
80,42,0.537838608433735
81,6,0.2938296023738873
81,7,0.29856052818991097
81,8,0.3032914540059347
81,9,0.30802237982195846
81,10,0.3127533056379822
81,11,0.3180704262472885
81,12,0.32514613123644254
81,13,0.3322218362255965
81,14,0.33929754121475053
81,15,0.34637324620390453
81,16,0.3534489511930585
81,17,0.3605246561822126
81,18,0.3676003611713666
81,19,0.37467606616052057
81,20,0.3817517711496746
81,21,0.3888274761388286
81,22,0.3959031811279827
81,23,0.4029788861171366
81,24,0.4100545911062906
81,25,0.4171302960954447
81,26,0.4242060010845987
81,27,0.43128170607375277
81,28,0.4383574110629067
81,29,0.4454331160520607
81,30,0.4525088210412147
81,31,0.4595845260303688
81,32,0.46666023101952275
81,33,0.4737359360086768
81,34,0.4808116409978308
81,35,0.4878873459869848
81,36,0.49496305097613874
81,37,0.5020387559652928
81,38,0.5096672680722891
81,39,0.5175884427710844
81,40,0.5255096174698796
81,41,0.5334307921686747
81,42,0.5413519668674699
82,5,0.29325032344213653
82,6,0.2979812492581603
82,7,0.30271217507418396
82,8,0.30744310089020765
82,9,0.31217402670623146
82,10,0.31690495252225515
82,11,0.3216358783382789
82,12,0.3280416464208243
82,13,0.3351173514099783
82,14,0.34219305639913233
82,15,0.34926876138828633
82,16,0.3563444663774403
82,17,0.3634201713665943
82,18,0.3704958763557483
82,19,0.3775715813449023
82,20,0.38464728633405637
82,21,0.39172299132321037
82,22,0.3987986963123644
82,23,0.4058744013015185
82,24,0.4129501062906724
82,25,0.42002581127982647
82,26,0.4271015162689804
82,27,0.43417722125813446
82,28,0.4412529262472885
82,29,0.4483286312364425
82,30,0.4554043362255965
82,31,0.4624800412147505
82,32,0.4695557462039045
82,33,0.47663145119305855
82,34,0.48370715618221255
82,35,0.4907828611713666
82,36,0.49785856616052054
82,37,0.5052594518072289
82,38,0.5131806265060241
82,39,0.5211018012048193
82,40,0.5290229759036145
82,41,0.5369441506024097
82,42,0.5448653253012048
82,43,0.5527865000000001
83,5,0.2974019703264095
83,6,0.3021328961424332
83,7,0.30686382195845696
83,8,0.3115947477744807
83,9,0.31632567359050445
83,10,0.32105659940652814
83,11,0.3257875252225519
83,12,0.3309371616052061
83,13,0.3380128665943601
83,14,0.3450885715835141
83,15,0.35216427657266813
83,16,0.35923998156182213
83,17,0.3663156865509761
83,18,0.3733913915401301
83,19,0.3804670965292841
83,20,0.3875428015184382
83,21,0.3946185065075922
83,22,0.4016942114967462
83,23,0.4087699164859002
83,24,0.4158456214750542
83,25,0.42292132646420827
83,26,0.4299970314533622
83,27,0.4370727364425163
83,28,0.4441484414316703
83,29,0.45122414642082437
83,30,0.45829985140997825
83,31,0.4653755563991323
83,32,0.4724512613882863
83,33,0.4795269663774404
83,34,0.4866026713665943
83,35,0.4936783763557484
83,36,0.5008516355421687
83,37,0.5087728102409638
83,38,0.516693984939759
83,39,0.5246151596385542
83,40,0.5325363343373495
83,41,0.5404575090361445
83,42,0.5483786837349398
83,43,0.5562998584337349
84,5,0.3015536172106825
84,6,0.3062845430267062
84,7,0.31101546884273
84,8,0.3157463946587537
84,9,0.32047732047477745
84,10,0.3252082462908012
84,11,0.3299391721068249
84,12,0.3346700979228487
84,13,0.34090838177874183
84,14,0.3479840867678959
84,15,0.3550597917570499
84,16,0.36213549674620393
84,17,0.36921120173535793
84,18,0.3762869067245119
84,19,0.3833626117136659
84,20,0.39043831670282
84,21,0.397514021691974
84,22,0.40458972668112797
84,23,0.411665431670282
84,24,0.41874113665943596
84,25,0.42581684164859
84,26,0.432892546637744
84,27,0.439968251626898
84,28,0.44704395661605206
84,29,0.4541196616052061
84,30,0.46119536659436006
84,31,0.4682710715835141
84,32,0.47534677657266816
84,33,0.4824224815618221
84,34,0.48949818655097616
84,35,0.4965738915401302
84,36,0.5043649939759036
84,37,0.5122861686746988
84,38,0.520207343373494
84,39,0.5281285180722891
84,40,0.5360496927710843
84,41,0.5439708674698795
84,42,0.5518920421686747
84,43,0.5598132168674699
85,5,0.30570526409495546
85,6,0.3104361899109792
85,7,0.31516711572700296
85,8,0.3198980415430267
85,9,0.32462896735905045
85,10,0.32935989317507414
85,11,0.33409081899109794
85,12,0.3388217448071217
85,13,0.34380389696312363
85,14,0.3508796019522777
85,15,0.3579553069414317
85,16,0.36503101193058574
85,17,0.3721067169197397
85,18,0.3791824219088937
85,19,0.3862581268980477
85,20,0.3933338318872017
85,21,0.4004095368763557
85,22,0.40748524186550983
85,23,0.41456094685466377
85,24,0.42163665184381777
85,25,0.4287123568329718
85,26,0.43578806182212576
85,27,0.4428637668112798
85,28,0.4499394718004338
85,29,0.4570151767895879
85,30,0.4640908817787418
85,31,0.4711665867678959
85,32,0.4782422917570499
85,33,0.4853179967462039
85,34,0.4923937017353579
85,35,0.4999571777108433
85,36,0.5078783524096386
85,37,0.5157995271084338
85,38,0.523720701807229
85,39,0.5316418765060241
85,40,0.5395630512048193
85,41,0.5474842259036145
85,42,0.5554054006024096
85,43,0.5633265753012048
85,44,0.57124775
86,4,0.30512598516320477
86,5,0.3098569109792285
86,6,0.31458783679525226
86,7,0.31931876261127595
86,8,0.32404968842729975
86,9,0.32878061424332344
86,10,0.3335115400593472
86,11,0.3382424658753709
86,12,0.3429733916913947
86,13,0.34770431750741837
86,14,0.35377511713665943
86,15,0.36085082212581343
86,16,0.3679265271149674
86,17,0.3750022321041214
86,18,0.3820779370932755
86,19,0.3891536420824295
86,20,0.3962293470715835
86,21,0.4033050520607375
86,22,0.4103807570498915
86,23,0.4174564620390455
86,24,0.4245321670281995
86,25,0.43160787201735357
86,26,0.4386835770065076
86,27,0.44575928199566156
86,28,0.4528349869848156
86,29,0.4599106919739696
86,30,0.4669863969631236
86,31,0.47406210195227766
86,32,0.48113780694143166
86,33,0.48821351193058565
86,34,0.4955493614457831
86,35,0.5034705361445784
86,36,0.5113917108433734
86,37,0.5193128855421687
86,38,0.5272340602409638
86,39,0.535155234939759
86,40,0.5430764096385543
86,41,0.5509975843373495
86,42,0.5589187590361446
86,43,0.5668399337349398
86,44,0.574761108433735
87,4,0.3092776320474777
87,5,0.31400855786350146
87,6,0.3187394836795252
87,7,0.32347040949554895
87,8,0.3282013353115727
87,9,0.33293226112759644
87,10,0.33766318694362013
87,11,0.34239411275964393
87,12,0.3471250385756676
87,13,0.35185596439169137
87,14,0.35667063232104124
87,15,0.36374633731019523
87,16,0.37082204229934923
87,17,0.3778977472885032
87,18,0.3849734522776572
87,19,0.3920491572668112
87,20,0.39912486225596533
87,21,0.4062005672451193
87,22,0.4132762722342733
87,23,0.4203519772234273
87,24,0.4274276822125813
87,25,0.4345033872017353
87,26,0.44157909219088937
87,27,0.4486547971800433
87,28,0.45573050216919736
87,29,0.46280620715835136
87,30,0.46988191214750535
87,31,0.4769576171366594
87,32,0.48403332212581346
87,33,0.4911415451807229
87,34,0.49906271987951806
87,35,0.5069838945783133
87,36,0.5149050692771084
87,37,0.5228262439759036
87,38,0.5307474186746988
87,39,0.538668593373494
87,40,0.5465897680722892
87,41,0.5545109427710844
87,42,0.5624321174698795
87,43,0.5703532921686747
87,44,0.5782744668674699
88,4,0.31342927893175077
88,5,0.3181602047477745
88,6,0.32289113056379826
88,7,0.32762205637982195
88,8,0.33235298219584564
88,9,0.3370839080118695
88,10,0.3418148338278931
88,11,0.3465457596439169
88,12,0.3512766854599406
88,13,0.35600761127596436
88,14,0.36073853709198805
88,15,0.36664185249457704
88,16,0.37371755748373103
88,17,0.38079326247288503
88,18,0.387868967462039
88,19,0.394944672451193
88,20,0.4020203774403471
88,21,0.40909608242950113
88,22,0.4161717874186551
88,23,0.4232474924078091
88,24,0.4303231973969631
88,25,0.4373989023861171
88,26,0.44447460737527117
88,27,0.45155031236442517
88,28,0.4586260173535791
88,29,0.46570172234273316
88,30,0.47277742733188716
88,31,0.4798531323210412
88,32,0.48692883731019526
88,33,0.4946549036144578
88,34,0.502576078313253
88,35,0.5104972530120482
88,36,0.5184184277108433
88,37,0.5263396024096386
88,38,0.5342607771084338
88,39,0.542181951807229
88,40,0.5501031265060241
88,41,0.5580243012048194
88,42,0.5659454759036144
88,43,0.5738666506024097
88,44,0.5817878253012049
88,45,0.589709
89,3,0.31285
89,4,0.3175809258160237
89,5,0.3223118516320475
89,6,0.3270427774480712
89,7,0.331773703264095
89,8,0.3365046290801187
89,9,0.34123555489614243
89,10,0.3459664807121662
89,11,0.3506974065281899
89,12,0.35542833234421367
89,13,0.36015925816023736
89,14,0.3648901839762611
89,15,0.36962110979228485
89,16,0.3766130726681128
89,17,0.38368877765726683
89,18,0.3907644826464208
89,19,0.3978401876355748
89,20,0.4049158926247288
89,21,0.4119915976138828
89,22,0.4190673026030369
89,23,0.42614300759219087
89,24,0.4332187125813449
89,25,0.4402944175704989
89,26,0.4473701225596529
89,27,0.4544458275488069
89,28,0.46152153253796097
89,29,0.4685972375271149
89,30,0.475672942516269
89,31,0.482748647505423
89,32,0.4902470873493976
89,33,0.49816826204819276
89,34,0.5060894367469879
89,35,0.5140106114457832
89,36,0.5219317861445784
89,37,0.5298529608433735
89,38,0.5377741355421687
89,39,0.5456953102409638
89,40,0.5536164849397591
89,41,0.5615376596385542
89,42,0.5694588343373495
89,43,0.5773800090361447
89,44,0.5719382271293376
90,5,0.3264634985163205
90,6,0.3311944243323442
90,7,0.3359253501483679
90,8,0.34065627596439163
90,9,0.34538720178041543
90,10,0.3501181275964392
90,11,0.35484905341246287
90,12,0.35957997922848667
90,13,0.36431090504451036
90,14,0.3690418308605341
90,15,0.3737727566765578
90,16,0.37950858785249464
90,17,0.38658429284164864
90,18,0.39365999783080263
90,19,0.40073570281995663
90,20,0.4078114078091106
90,21,0.4148871127982647
90,22,0.4219628177874187
90,23,0.4290385227765727
90,24,0.43611422776572667
90,25,0.44318993275488067
90,26,0.4502656377440347
90,27,0.4573413427331887
90,28,0.46441704772234266
90,29,0.47149275271149677
90,30,0.4785684577006507
90,31,0.4858392710843373
90,32,0.49376044578313255
90,33,0.5016816204819277
90,34,0.5096027951807228
90,35,0.5175239698795181
90,36,0.5254451445783133
90,37,0.5333663192771084
90,38,0.5412874939759036
90,39,0.5492086686746988
90,40,0.557129843373494
90,41,0.5650510180722892
90,42,0.5670331009463723
90,43,0.5541674542586751
90,44,0.5413018075709779
91,6,0.3353460712166172
91,7,0.34007699703264094
91,8,0.3448079228486647
91,9,0.34953884866468843
91,10,0.3542697744807122
91,11,0.35900070029673586
91,12,0.36373162611275967
91,13,0.36846255192878336
91,14,0.3731934777448071
91,15,0.37792440356083085
91,16,0.3826553293768546
91,17,0.38947980802603044
91,18,0.3965555130151844
91,19,0.4036312180043384
91,20,0.41070692299349243
91,21,0.4177826279826464
91,22,0.4248583329718004
91,23,0.4319340379609545
91,24,0.4390097429501084
91,25,0.44608544793926247
91,26,0.4531611529284164
91,27,0.46023685791757046
91,28,0.4673125629067245
91,29,0.47438826789587846
91,30,0.4814639728850325
91,31,0.4893526295180723
91,32,0.49727380421686745
91,33,0.5051949789156627
91,34,0.5131161536144578
91,35,0.521037328313253
91,36,0.5289585030120483
91,37,0.5368796777108433
91,38,0.5448008524096386
91,39,0.5527220271084338
91,40,0.5606432018072289
91,41,0.5492623280757098
91,42,0.5363966813880127
91,43,0.5235310347003155
91,44,0.5106653880126183
92,7,0.3278233650793653
92,8,0.3489595697329377
92,9,0.3536904955489614
92,10,0.35842142136498517
92,11,0.36315234718100886
92,12,0.3678832729970326
92,13,0.3726141988130564
92,14,0.3773451246290801
92,15,0.38207605044510384
92,16,0.38680697626112753
92,17,0.3923753232104122
92,18,0.39945102819956624
92,19,0.40652673318872024
92,20,0.41360243817787423
92,21,0.42067814316702823
92,22,0.4277538481561822
92,23,0.4348295531453362
92,24,0.4419052581344902
92,25,0.4489809631236442
92,26,0.45605666811279827
92,27,0.4631323731019523
92,28,0.4702080780911063
92,29,0.4772837830802603
92,30,0.4849448132530121
92,31,0.4928659879518072
92,32,0.5007871626506024
92,33,0.5087083373493977
92,34,0.5166295120481927
92,35,0.524550686746988
92,36,0.5324718614457832
92,37,0.5403930361445782
92,38,0.5483142108433735
92,39,0.5443572018927445
92,40,0.5314915552050473
92,41,0.5186259085173501
92,42,0.5057602618296531
92,43,0.49289461514195587
92,44,0.48002896845425874
93,9,0.3578421424332344
93,10,0.36257306824925817
93,11,0.3673039940652819
93,12,0.37203491988130566
93,13,0.37676584569732935
93,14,0.3814967715133531
93,15,0.38622769732937684
93,16,0.39095862314540053
93,17,0.3956895489614243
93,18,0.40234654338394793
93,19,0.4094222483731019
93,20,0.416497953362256
93,21,0.42357365835141
93,22,0.430649363340564
93,23,0.437725068329718
93,24,0.44480077331887197
93,25,0.451876478308026
93,26,0.45895218329717996
93,27,0.466027888286334
93,28,0.47310359327548807
93,29,0.4805369969879518
93,30,0.48845817168674693
93,31,0.49637934638554215
93,32,0.5043005210843373
93,33,0.5122216957831325
93,34,0.5201428704819278
93,35,0.5280640451807229
93,36,0.5359852198795181
93,37,0.5394520757097792
93,38,0.5265864290220821
93,39,0.5137207823343849
93,40,0.5008551356466877
93,41,0.4879894889589906
93,42,0.47512384227129345
93,43,0.46225819558359627
93,44,0.44939254889589914
94,10,0.35360049206349226
94,11,0.37145564094955486
94,12,0.3761865667655786
94,13,0.38091749258160235
94,14,0.3856484183976261
94,15,0.39037934421364984
94,16,0.3951102700296736
94,17,0.39984119584569733
94,18,0.40524205856832973
94,19,0.41231776355748373
94,20,0.4193934685466378
94,21,0.4264691735357917
94,22,0.43354487852494583
94,23,0.4406205835140998
94,24,0.44769628850325377
94,25,0.4547719934924078
94,26,0.4618476984815618
94,27,0.46892340347071587
94,28,0.4761291807228916
94,29,0.48405035542168673
94,30,0.4919715301204819
94,31,0.49989270481927717
94,32,0.5078138795180722
94,33,0.5157350542168675
94,34,0.5236562289156627
94,35,0.5315774036144578
94,36,0.5216813028391167
94,37,0.5088156561514195
94,38,0.4959500094637224
94,39,0.4830843627760253
94,40,0.47021871608832805
94,41,0.45735306940063103
94,42,0.44448742271293384
94,43,0.43162177602523666
94,44,0.4187561293375395
95,11,0.34279673015873036
95,12,0.38033821364985165
95,13,0.3850691394658754
95,14,0.3898000652818991
95,15,0.39453099109792283
95,16,0.39926191691394664
95,17,0.4039928427299703
95,18,0.408723768545994
95,19,0.41521327874186553
95,20,0.4222889837310196
95,21,0.4293646887201736
95,22,0.4364403937093276
95,23,0.4435160986984816
95,24,0.4505918036876356
95,25,0.45766750867678957
95,26,0.46474321366594357
95,27,0.4718189186550976
95,28,0.47964253915662647
95,29,0.48756371385542163
95,30,0.49548488855421685
95,31,0.5034060632530121
95,32,0.5113272379518072
95,33,0.5192484126506024
95,34,0.5167761766561514
95,35,0.5039105299684543
95,36,0.4910448832807571
95,37,0.47817923659305994
95,38,0.46531358990536287
95,39,0.4524479432176657
95,40,0.4395822965299685
95,41,0.4267166498422713
95,42,0.4138510031545742
95,43,0.400985356466877
95,44,0.3881197097791798
96,13,0.37937761904761924
96,14,0.3939517121661721
96,15,0.39868263798219583
96,16,0.4034135637982196
96,17,0.4081444896142433
96,18,0.412875415430267
96,19,0.4181087939262473
96,20,0.42518449891540133
96,21,0.43226020390455533
96,22,0.4393359088937093
96,23,0.4464116138828634
96,24,0.4534873188720174
96,25,0.4605630238611714
96,26,0.46763872885032537
96,27,0.47523472289156626
96,28,0.4831558975903615
96,29,0.4910770722891566
96,30,0.4989982469879518
96,31,0.506919421686747
96,32,0.511871050473186
96,33,0.499005403785489
96,34,0.4861397570977918
96,35,0.4732741104100947
96,36,0.4604084637223975
96,37,0.4475428170347004
96,38,0.4346771703470032
96,39,0.421811523659306
96,40,0.4089458769716089
96,41,0.3960802302839117
96,42,0.3832145835962146
96,43,0.37034893690851745
96,44,0.40081399999999995
97,14,0.36857385714285734
97,15,0.4028342848664688
97,16,0.4075652106824926
97,17,0.41229613649851626
97,18,0.41702706231454
97,19,0.42175798813056375
97,20,0.4280800140997831
97,21,0.43515571908893713
97,22,0.44223142407809113
97,23,0.4493071290672451
97,24,0.4563828340563991
97,25,0.4634585390455532
97,26,0.470826906626506
97,27,0.47874808132530117
97,28,0.4866692560240964
97,29,0.49459043072289155
97,30,0.5025116054216867
97,31,0.4941002776025236
97,32,0.48123463091482654
97,33,0.46836898422712936
97,34,0.45550333753943223
97,35,0.4426376908517351
97,36,0.4297720441640379
97,37,0.41690639747634073
97,38,0.40404075078864354
97,39,0.3911751041009464
97,40,0.3783094574132493
97,41,0.3654438107255521
97,42,0.3525781640378549
97,43,0.3397125173501578
97,44,0.456839
98,15,0.35777009523809533
98,16,0.4051547460317461
98,17,0.4164477833827893
98,18,0.42117870919881306
98,19,0.4259096350148368
98,20,0.4309755292841649
98,21,0.4380512342733189
98,22,0.44512693926247293
98,23,0.4522026442516269
98,24,0.4592783492407809
98,25,0.4664190903614458
98,26,0.4743402650602409
98,27,0.4822614397590362
98,28,0.4901826144578313
98,29,0.4891951514195584
98,30,0.47632950473186125
98,31,0.4634638580441641
98,32,0.45059821135646694
98,33,0.43773256466876975
98,34,0.4248669179810726
98,35,0.4120012712933754
98,36,0.3991356246056783
98,37,0.3862699779179811
98,38,0.37340433123028394
98,39,0.36053868454258686
98,40,0.3476730378548896
98,41,0.3348073911671925
98,42,0.32194174447949536
98,43,0.3090760977917981
98,44,0.5128640000000001
99,16,0.3469663333333334
99,17,0.3943509841269843
99,18,0.425330356083086
99,19,0.43006128189910975
99,20,0.4347922077151335
99,21,0.4409467494577006
99,22,0.4480224544468546
99,23,0.4550981594360087
99,24,0.4621738644251627
99,25,0.46993244879518065
99,26,0.4778536234939759
99,27,0.4842900252365931
99,28,0.4714243785488959
99,29,0.4585587318611988
99,30,0.4456930851735017
99,31,0.43282743848580446
99,32,0.4199617917981073
99,33,0.40709614511041015
99,34,0.39423049842271296
99,35,0.38136485173501583
99,36,0.3684992050473187
99,37,0.3556335583596214
99,38,0.34276791167192433
99,39,0.32990226498422714
99,40,0.31703661829652996
99,41,0.3041709716088329
99,42,0.2913053249211357
99,43,0.27843967823343857
100,18,0.38354722222222243
100,19,0.4309318730158732
100,20,0.4389438545994065
100,21,0.44384226464208243
100,22,0.4509179696312365
100,23,0.4579936746203904
100,24,0.4655246325301205
100,25,0.4734458072289156
100,26,0.46651925236593067
100,27,0.45365360567823343
100,28,0.44078795899053624
100,29,0.42792231230283917
100,30,0.41505666561514204
100,31,0.4021910189274448
100,32,0.38932537223974767
100,33,0.3764597255520505
100,34,0.36359407886435335
100,35,0.3507284321766562
100,36,0.337862785488959
100,37,0.3249971388012619
100,38,0.3121314921135647
100,39,0.29926584542586754
100,40,0.28640019873817035
100,41,0.2735345520504733
100,42,0.2606689053627761
100,43,0.2478032586750789
101,19,0.37274346031746036
101,20,0.4201281111111112
101,21,0.4478264272997033
101,22,0.45381348481561823
101,23,0.46111681626506024
101,24,0.4616141261829653
101,25,0.44874847949526814
101,26,0.435882832807571
101,27,0.4230171861198739
101,28,0.4101515394321767
101,29,0.39728589274447956
101,30,0.3844202460567824
101,31,0.3715545993690852
101,32,0.358688952681388
101,33,0.3458233059936909
101,34,0.3329576593059937
101,35,0.32009201261829656
101,36,0.3072263659305994
101,37,0.29436071924290225
101,38,0.2814950725552051
101,39,0.26862942586750793
101,40,0.25576377917981075
101,41,0.24289813249211362
101,42,0.2300324858044165
101,43,0.2171668391167193
102,20,0.3619396984126986
102,21,0.4093243492063494
102,22,0.4567090000000002
102,23,0.44384335331230285
102,24,0.4309777066246057
102,25,0.41811205993690853
102,26,0.40524641324921135
102,27,0.39238076656151427
102,28,0.3795151198738171
102,29,0.3666494731861199
102,30,0.35378382649842277
102,31,0.3409181798107256
102,32,0.3280525331230284
102,33,0.3151868864353313
102,34,0.30232123974763414
102,35,0.28945559305993696
102,36,0.27658994637223977
102,37,0.2637242996845427
102,38,0.2508586529968455
102,39,0.23799300630914832
102,40,0.22512735962145117
102,41,0.21226171293375398
102,42,0.19939606624605685
102,43,0.18653041955835967
103,22,0.3985205873015874
103,23,0.4459052380952383
103,24,0.44187190801186943
103,25,0.4268204391691395
103,26,0.41176897032640947
103,27,0.3967175014836795
103,28,0.3816660326409495
103,29,0.36661456379821966
103,30,0.3515630949554896
103,31,0.33651162611275964
103,32,0.3214601572700297
103,33,0.3064086884272997
103,34,0.2913572195845697
103,35,0.2763057507418398
103,36,0.2612542818991098
103,37,0.2462028130563798
103,38,0.23115134421364986
103,39,0.2160998753709199
103,40,0.20104840652818995
103,41,0.18599693768545997
103,42,0.17094546884273001
103,43,0.155894
104,23,0.3877168253968255
104,24,0.43510147619047623
104,25,0.44208628486646884
104,26,0.4270348160237389
104,27,0.41198334718100893
104,28,0.3969318783382789
104,29,0.38188040949554897
104,30,0.366828940652819
104,31,0.351777471810089
104,32,0.3367260029673591
104,33,0.32167453412462915
104,34,0.30662306528189914
104,35,0.29157159643916913
104,36,0.2765201275964392
104,37,0.26146865875370917
104,38,0.24641718991097925
104,39,0.2313657210682493
104,40,0.21631425222551934
104,41,0.20126278338278933
104,42,0.18621131454005938
104,43,0.21191899999999997
105,24,0.3769130634920636
105,25,0.4242977142857145
105,26,0.44230066172106824
105,27,0.4272491928783383
105,28,0.4121977240356083
105,29,0.39714625519287833
105,30,0.3820947863501484
105,31,0.36704331750741837
105,32,0.35199184866468847
105,33,0.33694037982195846
105,34,0.3218889109792285
105,35,0.3068374421364985
105,36,0.2917859732937686
105,37,0.27673450445103864
105,38,0.2616830356083086
105,39,0.24663156676557865
105,40,0.2315800979228487
105,41,0.2165286290801187
105,42,0.20147716023738876
105,43,0.267944
106,26,0.4134939523809525
106,27,0.44251503857566765
106,28,0.4274635697329377
106,29,0.4124121008902077
106,30,0.39736063204747774
106,31,0.3823091632047478
106,32,0.3672576943620178
106,33,0.3522062255192879
106,34,0.3371547566765578
106,35,0.3221032878338279
106,36,0.3070518189910979
106,37,0.2920003501483679
106,38,0.27694888130563794
106,39,0.26189741246290804
106,40,0.24684594362017806
106,41,0.23179447477744808
106,42,0.21674300593471812
106,43,0.32396899999999995
107,27,0.4026901904761905
107,28,0.442729415430267
107,29,0.4276779465875371
107,30,0.4126264777448071
107,31,0.3975750089020771
107,32,0.3825235400593472
107,33,0.36747207121661724
107,34,0.35242060237388717
107,35,0.3373691335311573
107,36,0.32231766468842726
107,37,0.3072661958456973
107,38,0.29221472700296736
107,39,0.2771632581602374
107,40,0.26211178931750745
107,41,0.24706032047477744
107,42,0.23200885163204749
107,43,0.37999400000000005
108,28,0.39188642857142864
108,29,0.4392710793650795
108,30,0.42789232344213657
108,31,0.41284085459940656
108,32,0.39778938575667655
108,33,0.38273791691394665
108,34,0.36768644807121664
108,35,0.35263497922848663
108,36,0.33758351038575674
108,37,0.3225320415430267
108,38,0.3074805727002967
108,39,0.29242910385756676
108,40,0.2773776350148368
108,41,0.2623261661721068
108,42,0.2472746973293769
108,43,0.436019
109,29,0.3810826666666667
109,30,0.4284673174603175
109,31,0.42810670029673586
109,32,0.4130552314540059
109,33,0.3980037626112759
109,34,0.382952293768546
109,35,0.367900824925816
109,36,0.35284935608308604
109,37,0.3377978872403561
109,38,0.3227464183976261
109,39,0.3076949495548962
109,40,0.2926434807121662
109,41,0.27759201186943616
109,42,0.26254054302670626
110,31,0.41766355555555557
110,32,0.42832107715133527
110,33,0.4132696083086053
110,34,0.3982181394658753
110,35,0.38316667062314536
110,36,0.36811520178041546
110,37,0.35306373293768545
110,38,0.33801226409495544
110,39,0.32296079525222554
110,40,0.30790932640949553
110,41,0.2928578575667656
110,42,0.2778063887240356
111,32,0.4068597936507937
111,33,0.42853545400593474
111,34,0.4134839851632047
111,35,0.39843251632047477
111,36,0.3833810474777448
111,37,0.3683295786350148
111,38,0.3532781097922849
111,39,0.3382266409495549
111,40,0.3231751721068249
111,41,0.308123703264095
111,42,0.293072234421365
112,33,0.39605603174603177
112,34,0.42874983086053414
112,35,0.4136983620178041
112,36,0.3986468931750742
112,37,0.3835954243323442
112,38,0.36854395548961427
112,39,0.3534924866468843
112,40,0.33844101780415425
112,41,0.32338954896142436
112,42,0.30833808011869446
113,35,0.4289642077151335
113,36,0.41391273887240354
113,37,0.39886127002967364
113,38,0.38380980118694363
113,39,0.3687583323442136
113,40,0.3537068635014837
113,41,0.33865539465875366
113,42,0.32360392581602376
114,36,0.4218331587301588
114,37,0.4141271157270029
114,38,0.39907564688427305
114,39,0.384024178041543
114,40,0.3689727091988131
114,41,0.3539212403560831
114,42,0.33886977151335307
115,37,0.41102939682539685
115,38,0.41434149258160236
115,39,0.3992900237388724
115,40,0.38423855489614234
115,41,0.3691870860534125
115,42,0.3541356172106825
116,39,0.41455586943620176
116,40,0.39950440059347175
116,41,0.38445293175074186
116,42,0.3694014629080119
117,40,0.41477024629080117
117,41,0.3997187774480712
117,42,0.38466730860534126
118,41,0.41498462314540063
118,42,0.39993315430267057
119,42,0.415199
