Date,Wind Direction,Wind Speed (m/s)
4/1/16 0:00,190.5,4
4/1/16 1:00,194.76666666666668,4.333333333333333
4/1/16 2:00,199.03333333333333,4.666666666666667
4/1/16 3:00,203.3,5
4/1/16 4:00,202.56666666666666,5.066666666666666
4/1/16 5:00,201.83333333333334,5.133333333333334
4/1/16 6:00,201.1,5.2
4/1/16 7:00,202.36666666666667,4.833333333333333
4/1/16 8:00,203.63333333333333,4.466666666666667
4/1/16 9:00,204.9,4.1
4/1/16 10:00,205.6,3.933333333333333
4/1/16 11:00,206.3,3.7666666666666666
4/1/16 12:00,207,3.6
4/1/16 13:00,207.03333333333333,3.4
4/1/16 14:00,207.06666666666666,3.2
4/1/16 15:00,207.1,3
4/1/16 16:00,219.33333333333334,2.6333333333333333
4/1/16 17:00,231.56666666666666,2.2666666666666666
4/1/16 18:00,243.8,1.9
4/1/16 19:00,249.9,2.2333333333333334
4/1/16 20:00,256.0,2.5666666666666664
4/1/16 21:00,262.1,2.9
4/1/16 22:00,262.1666666666667,2.9
4/1/16 23:00,262.23333333333335,2.9
4/2/16 0:00,262.3,2.9
4/2/16 1:00,265.4666666666667,2.8666666666666667
4/2/16 2:00,268.6333333333333,2.833333333333333
4/2/16 3:00,271.8,2.8
4/2/16 4:00,274.4666666666667,2.3666666666666667
4/2/16 5:00,277.1333333333333,1.9333333333333333
4/2/16 6:00,279.8,1.5
4/2/16 7:00,277.3,1.4333333333333333
4/2/16 8:00,274.8,1.3666666666666667
4/2/16 9:00,272.3,1.3
4/2/16 10:00,249.3,1.3
4/2/16 11:00,226.3,1.3
4/2/16 12:00,203.3,1.3
4/2/16 13:00,198.4,1.5666666666666667
4/2/16 14:00,193.5,1.8333333333333335
4/2/16 15:00,188.6,2.1
4/2/16 16:00,192.36666666666667,2.3000000000000003
4/2/16 17:00,196.13333333333333,2.5
4/2/16 18:00,199.9,2.7
4/2/16 19:00,208.26666666666668,2.666666666666667
4/2/16 20:00,216.63333333333333,2.6333333333333333
4/2/16 21:00,225,2.6
4/2/16 22:00,241.56666666666666,2.6666666666666665
4/2/16 23:00,258.1333333333333,2.7333333333333334
4/3/16 0:00,274.7,2.8
4/3/16 1:00,282.76666666666665,2.6
4/3/16 2:00,290.8333333333333,2.4
4/3/16 3:00,298.9,2.2
4/3/16 4:00,304.9,2.166666666666667
4/3/16 5:00,310.9,2.1333333333333333
4/3/16 6:00,316.9,2.1
4/3/16 7:00,320.7,2.6333333333333333
4/3/16 8:00,324.5,3.166666666666667
4/3/16 9:00,328.3,3.7
4/3/16 10:00,327.1333333333333,3.9
4/3/16 11:00,325.9666666666667,4.1
4/3/16 12:00,324.8,4.3
4/3/16 13:00,320.90000000000003,4.3999999999999995
4/3/16 14:00,317.0,4.5
4/3/16 15:00,313.1,4.6
4/3/16 16:00,307.1333333333333,4.8
4/3/16 17:00,301.1666666666667,5.0
4/3/16 18:00,295.2,5.2
4/3/16 19:00,295.59999999999997,5.333333333333333
4/3/16 20:00,296.0,5.466666666666667
4/3/16 21:00,296.4,5.6
4/3/16 22:00,297.4,5.166666666666666
4/3/16 23:00,298.4,4.733333333333333
4/4/16 0:00,299.4,4.3
4/4/16 1:00,300.26666666666665,4.2
4/4/16 2:00,301.1333333333333,4.1
4/4/16 3:00,302,4
4/4/16 4:00,299.9,3.3333333333333335
4/4/16 5:00,297.8,2.666666666666667
4/4/16 6:00,295.7,2
4/4/16 7:00,294.5,1.8
4/4/16 8:00,293.3,1.6
4/4/16 9:00,292.1,1.4
4/4/16 10:00,292.23333333333335,1.4
4/4/16 11:00,292.3666666666667,1.4
4/4/16 12:00,292.5,1.4
4/4/16 13:00,303.6,1.2
4/4/16 14:00,314.7,1.0
4/4/16 15:00,325.8,0.8
4/4/16 16:00,336.6666666666667,0.9333333333333333
4/4/16 17:00,347.5333333333333,1.0666666666666667
4/4/16 18:00,358.4,1.2
4/4/16 19:00,353.6333333333333,1.4
4/4/16 20:00,348.8666666666667,1.6
4/4/16 21:00,344.1,1.8
4/4/16 22:00,343.3,1.7666666666666666
4/4/16 23:00,342.5,1.7333333333333334
4/5/16 0:00,341.7,1.7
4/5/16 1:00,345.0,1.7333333333333334
4/5/16 2:00,348.3,1.7666666666666666
4/5/16 3:00,351.6,1.8
4/5/16 4:00,234.83333333333337,1.6333333333333333
4/5/16 5:00,118.06666666666669,1.4666666666666668
4/5/16 6:00,1.3,1.3
4/5/16 7:00,118.83333333333331,1.2666666666666666
4/5/16 8:00,236.36666666666665,1.2333333333333334
4/5/16 9:00,353.9,1.2
4/5/16 10:00,351.7,1.6333333333333333
4/5/16 11:00,349.5,2.0666666666666664
4/5/16 12:00,347.3,2.5
4/5/16 13:00,337.6666666666667,2.6666666666666665
4/5/16 14:00,328.0333333333333,2.8333333333333335
4/5/16 15:00,318.4,3
4/5/16 16:00,316.56666666666666,3.2
4/5/16 17:00,314.7333333333333,3.4
4/5/16 18:00,312.9,3.6
4/5/16 19:00,311.6333333333333,3.466666666666667
4/5/16 20:00,310.3666666666667,3.3333333333333335
4/5/16 21:00,309.1,3.2
4/5/16 22:00,308.43333333333334,2.9
4/5/16 23:00,307.7666666666667,2.6
4/6/16 0:00,307.1,2.3
4/6/16 1:00,301.2,2.033333333333333
4/6/16 2:00,295.3,1.7666666666666666
4/6/16 3:00,289.4,1.5
4/6/16 4:00,283.2,1.3
4/6/16 5:00,277.0,1.1
4/6/16 6:00,270.8,0.9
4/6/16 7:00,262.23333333333335,0.8666666666666667
4/6/16 8:00,253.66666666666666,0.8333333333333334
4/6/16 9:00,245.1,0.8
4/6/16 10:00,238.6,0.8
4/6/16 11:00,232.1,0.8
4/6/16 12:00,225.6,0.8
4/6/16 13:00,219.36666666666667,1.2
4/6/16 14:00,213.13333333333333,1.6
4/6/16 15:00,206.9,2
4/6/16 16:00,204.83333333333334,2.433333333333333
4/6/16 17:00,202.76666666666665,2.8666666666666663
4/6/16 18:00,200.7,3.3
4/6/16 19:00,198.2,3.4666666666666663
4/6/16 20:00,195.7,3.6333333333333333
4/6/16 21:00,193.2,3.8
4/6/16 22:00,187.16666666666666,3.5
4/6/16 23:00,181.13333333333333,3.2
4/7/16 0:00,175.1,2.9
4/7/16 1:00,177.56666666666666,2.933333333333333
4/7/16 2:00,180.03333333333333,2.966666666666667
4/7/16 3:00,182.5,3
4/7/16 4:00,178.06666666666666,2.933333333333333
4/7/16 5:00,173.63333333333333,2.8666666666666667
4/7/16 6:00,169.2,2.8
4/7/16 7:00,169.06666666666666,2.6333333333333333
4/7/16 8:00,168.93333333333334,2.4666666666666663
4/7/16 9:00,168.8,2.3
4/7/16 10:00,169.36666666666667,2.5
4/7/16 11:00,169.93333333333334,2.6999999999999997
4/7/16 12:00,170.5,2.9
4/7/16 13:00,171.03333333333333,3.1666666666666665
4/7/16 14:00,171.56666666666666,3.4333333333333336
4/7/16 15:00,172.1,3.7
4/7/16 16:00,167.1,3.9333333333333336
4/7/16 17:00,162.1,4.166666666666667
4/7/16 18:00,157.1,4.4
4/7/16 19:00,151.76666666666665,4.666666666666667
4/7/16 20:00,146.43333333333334,4.933333333333334
4/7/16 21:00,141.1,5.2
4/7/16 22:00,146.2,5.2
4/7/16 23:00,151.3,5.2
4/8/16 0:00,156.4,5.2
4/8/16 1:00,169.76666666666668,4.3
4/8/16 2:00,183.13333333333333,3.4000000000000004
4/8/16 3:00,196.5,2.5
4/8/16 4:00,205.23333333333332,2.1
4/8/16 5:00,213.96666666666667,1.7000000000000002
4/8/16 6:00,222.7,1.3
4/8/16 7:00,215.53333333333333,1.1
4/8/16 8:00,208.36666666666665,0.9
4/8/16 9:00,201.2,0.7
4/8/16 10:00,200.86666666666665,0.6333333333333333
4/8/16 11:00,200.53333333333333,0.5666666666666667
4/8/16 12:00,200.2,0.5
4/8/16 13:00,216.7,0.7333333333333333
4/8/16 14:00,233.2,0.9666666666666666
4/8/16 15:00,249.7,1.2
4/8/16 16:00,240.23333333333332,1.6666666666666665
4/8/16 17:00,230.76666666666668,2.1333333333333333
4/8/16 18:00,221.3,2.6
4/8/16 19:00,229.20000000000002,2.6666666666666665
4/8/16 20:00,237.1,2.7333333333333334
4/8/16 21:00,245,2.8
4/8/16 22:00,251.79999999999998,2.6666666666666665
4/8/16 23:00,258.59999999999997,2.533333333333333
4/9/16 0:00,265.4,2.4
4/9/16 1:00,270.2,2.3666666666666667
4/9/16 2:00,275.0,2.333333333333333
4/9/16 3:00,279.8,2.3
4/9/16 4:00,279.03333333333336,2.4
4/9/16 5:00,278.26666666666665,2.5
4/9/16 6:00,277.5,2.6
4/9/16 7:00,281.46666666666664,2.566666666666667
4/9/16 8:00,285.43333333333334,2.533333333333333
4/9/16 9:00,289.4,2.5
4/9/16 10:00,291.8,2.4
4/9/16 11:00,294.2,2.3000000000000003
4/9/16 12:00,296.6,2.2
4/9/16 13:00,296.03333333333336,2.3333333333333335
4/9/16 14:00,295.46666666666664,2.466666666666667
4/9/16 15:00,294.9,2.6
4/9/16 16:00,302.9,2.6666666666666665
4/9/16 17:00,310.9,2.7333333333333334
4/9/16 18:00,318.9,2.8
4/9/16 19:00,317.9,2.833333333333333
4/9/16 20:00,316.9,2.8666666666666667
4/9/16 21:00,315.9,2.9
4/9/16 22:00,322.8666666666667,2.8333333333333335
4/9/16 23:00,329.8333333333333,2.7666666666666666
4/10/16 0:00,336.8,2.7
4/10/16 1:00,336.1333333333333,2.9
4/10/16 2:00,335.4666666666667,3.1
4/10/16 3:00,334.8,3.3
4/10/16 4:00,334.6333333333333,3.3666666666666667
4/10/16 5:00,334.4666666666667,3.433333333333333
4/10/16 6:00,334.3,3.5
4/10/16 7:00,331.8333333333333,3.2
4/10/16 8:00,329.3666666666667,2.9000000000000004
4/10/16 9:00,326.9,2.6
4/10/16 10:00,319.8333333333333,2.6666666666666665
4/10/16 11:00,312.76666666666665,2.7333333333333334
4/10/16 12:00,305.7,2.8
4/10/16 13:00,301.2,2.6666666666666665
4/10/16 14:00,296.7,2.533333333333333
4/10/16 15:00,292.2,2.4
4/10/16 16:00,290.46666666666664,2.533333333333333
4/10/16 17:00,288.73333333333335,2.6666666666666665
4/10/16 18:00,287,2.8
4/10/16 19:00,284.6,2.6666666666666665
4/10/16 20:00,282.2,2.533333333333333
4/10/16 21:00,279.8,2.4
4/10/16 22:00,284.03333333333336,1.8
4/10/16 23:00,288.26666666666665,1.2000000000000002
4/11/16 0:00,292.5,0.6
4/11/16 1:00,247.96666666666667,0.6
4/11/16 2:00,203.43333333333334,0.6
4/11/16 3:00,158.9,0.6
4/11/16 4:00,154.33333333333334,0.7666666666666666
4/11/16 5:00,149.76666666666665,0.9333333333333333
4/11/16 6:00,145.2,1.1
4/11/16 7:00,148.76666666666665,1.5
4/11/16 8:00,152.33333333333334,1.9
4/11/16 9:00,155.9,2.3
4/11/16 10:00,157.43333333333334,2.5
4/11/16 11:00,158.96666666666667,2.6999999999999997
4/11/16 12:00,160.5,2.9
4/11/16 13:00,161.7,3.033333333333333
4/11/16 14:00,162.9,3.1666666666666665
4/11/16 15:00,164.1,3.3
4/11/16 16:00,167.53333333333333,3.4
4/11/16 17:00,170.96666666666667,3.5
4/11/16 18:00,174.4,3.6
4/11/16 19:00,173.9,3.2666666666666666
4/11/16 20:00,173.4,2.9333333333333336
4/11/16 21:00,172.9,2.6
4/11/16 22:00,172.43333333333334,2.6
4/11/16 23:00,171.96666666666667,2.6
4/12/16 0:00,171.5,2.6
4/12/16 1:00,176.7,2.7
4/12/16 2:00,181.9,2.8
4/12/16 3:00,187.1,2.9
4/12/16 4:00,183.0,2.6666666666666665
4/12/16 5:00,178.9,2.4333333333333336
4/12/16 6:00,174.8,2.2
4/12/16 7:00,173.23333333333335,2.2666666666666666
4/12/16 8:00,171.66666666666666,2.3333333333333335
4/12/16 9:00,170.1,2.4
4/12/16 10:00,179.26666666666665,1.9666666666666668
4/12/16 11:00,188.43333333333334,1.5333333333333334
4/12/16 12:00,197.6,1.1
4/12/16 13:00,224.23333333333332,1.2666666666666668
4/12/16 14:00,250.86666666666667,1.4333333333333333
4/12/16 15:00,277.5,1.6
4/12/16 16:00,281.23333333333335,1.9333333333333333
4/12/16 17:00,284.96666666666664,2.2666666666666666
4/12/16 18:00,288.7,2.6
4/12/16 19:00,287.93333333333334,2.8000000000000003
4/12/16 20:00,287.16666666666663,3.0
4/12/16 21:00,286.4,3.2
4/12/16 22:00,285.0,2.7333333333333334
4/12/16 23:00,283.59999999999997,2.2666666666666666
4/13/16 0:00,282.2,1.8
4/13/16 1:00,285.76666666666665,1.8
4/13/16 2:00,289.3333333333333,1.8
4/13/16 3:00,292.9,1.8
4/13/16 4:00,292.3666666666667,1.8333333333333333
4/13/16 5:00,291.8333333333333,1.8666666666666667
4/13/16 6:00,291.3,1.9
4/13/16 7:00,296.06666666666666,1.9333333333333333
4/13/16 8:00,300.83333333333337,1.9666666666666666
4/13/16 9:00,305.6,2
4/13/16 10:00,312.73333333333335,2.2
4/13/16 11:00,319.8666666666667,2.4
4/13/16 12:00,327,2.6
4/13/16 13:00,326.56666666666666,2.6333333333333333
4/13/16 14:00,326.1333333333333,2.666666666666667
4/13/16 15:00,325.7,2.7
4/13/16 16:00,327.1333333333333,2.466666666666667
4/13/16 17:00,328.56666666666666,2.2333333333333334
4/13/16 18:00,330,2
4/13/16 19:00,332.2,2.0
4/13/16 20:00,334.40000000000003,2.0
4/13/16 21:00,336.6,2
4/13/16 22:00,335.90000000000003,1.6666666666666667
4/13/16 23:00,335.2,1.3333333333333335
4/14/16 0:00,334.5,1
4/14/16 1:00,226.26666666666668,0.8666666666666667
4/14/16 2:00,118.03333333333336,0.7333333333333334
4/14/16 3:00,9.8,0.6
4/14/16 4:00,9.8,0.6666666666666666
4/14/16 5:00,9.8,0.7333333333333334
4/14/16 6:00,9.8,0.8
4/14/16 7:00,125.56666666666666,0.6666666666666667
4/14/16 8:00,241.33333333333334,0.5333333333333334
4/14/16 9:00,357.1,0.4
4/14/16 10:00,257.9333333333334,0.6
4/14/16 11:00,158.7666666666667,0.8
4/14/16 12:00,59.6,1
4/14/16 13:00,158.0,0.9333333333333333
4/14/16 14:00,256.4,0.8666666666666667
4/14/16 15:00,354.8,0.8
4/14/16 16:00,353.6666666666667,1.1333333333333333
4/14/16 17:00,352.5333333333333,1.4666666666666668
4/14/16 18:00,351.4,1.8
4/14/16 19:00,234.3,1.9666666666666666
4/14/16 20:00,117.20000000000002,2.1333333333333333
4/14/16 21:00,0.1,2.3
4/14/16 22:00,1.9000000000000001,2.0
4/14/16 23:00,3.7,1.7
4/15/16 0:00,5.5,1.4
4/15/16 1:00,13.866666666666667,1.2
4/15/16 2:00,22.233333333333334,1.0
4/15/16 3:00,30.6,0.8
4/15/16 4:00,38.2,0.7333333333333334
4/15/16 5:00,45.8,0.6666666666666667
4/15/16 6:00,53.4,0.6
4/15/16 7:00,48.96666666666667,0.6
4/15/16 8:00,44.53333333333333,0.6
4/15/16 9:00,40.1,0.6
4/15/16 10:00,49.2,0.7999999999999999
4/15/16 11:00,58.300000000000004,1.0
4/15/16 12:00,67.4,1.2
4/15/16 13:00,55.76666666666667,1.5999999999999999
4/15/16 14:00,44.13333333333334,2.0
4/15/16 15:00,32.5,2.4
4/15/16 16:00,28.166666666666668,2.466666666666667
4/15/16 17:00,23.833333333333336,2.533333333333333
4/15/16 18:00,19.5,2.6
4/15/16 19:00,16.566666666666666,2.6666666666666665
4/15/16 20:00,13.633333333333333,2.7333333333333334
4/15/16 21:00,10.7,2.8
4/15/16 22:00,11.6,2.333333333333333
4/15/16 23:00,12.5,1.8666666666666667
4/16/16 0:00,13.4,1.4
4/16/16 1:00,17.96666666666667,1.3
4/16/16 2:00,22.53333333333333,1.2
4/16/16 3:00,27.1,1.1
4/16/16 4:00,34.6,0.9000000000000001
4/16/16 5:00,42.1,0.7000000000000001
4/16/16 6:00,49.6,0.5
4/16/16 7:00,55.733333333333334,0.4666666666666667
4/16/16 8:00,61.86666666666667,0.43333333333333335
4/16/16 9:00,68,0.4
4/16/16 10:00,65.0,0.5333333333333333
4/16/16 11:00,62.0,0.6666666666666667
4/16/16 12:00,59,0.8
4/16/16 13:00,57.7,0.9666666666666667
4/16/16 14:00,56.4,1.1333333333333333
4/16/16 15:00,55.1,1.3
4/16/16 16:00,46.16666666666667,1.2333333333333334
4/16/16 17:00,37.233333333333334,1.1666666666666667
4/16/16 18:00,28.3,1.1
4/16/16 19:00,20.233333333333334,1.2666666666666668
4/16/16 20:00,12.166666666666668,1.4333333333333333
4/16/16 21:00,4.1,1.6
4/16/16 22:00,17.93333333333333,1.3333333333333335
4/16/16 23:00,31.766666666666666,1.0666666666666669
4/17/16 0:00,45.6,0.8
4/17/16 1:00,73.8,0.9
4/17/16 2:00,102.0,1.0
4/17/16 3:00,130.2,1.1
4/17/16 4:00,129.56666666666666,0.9666666666666668
4/17/16 5:00,128.93333333333334,0.8333333333333334
4/17/16 6:00,128.3,0.7
4/17/16 7:00,144.3,0.6666666666666666
4/17/16 8:00,160.3,0.6333333333333333
4/17/16 9:00,176.3,0.6
4/17/16 10:00,210.8,0.5
4/17/16 11:00,245.3,0.4
4/17/16 12:00,279.8,0.3
4/17/16 13:00,289.26666666666665,0.4666666666666667
4/17/16 14:00,298.73333333333335,0.6333333333333333
4/17/16 15:00,308.2,0.8
4/17/16 16:00,309.1666666666667,1.0333333333333334
4/17/16 17:00,310.1333333333333,1.2666666666666666
4/17/16 18:00,311.1,1.5
4/17/16 19:00,312.56666666666666,1.8333333333333333
4/17/16 20:00,314.03333333333336,2.1666666666666665
4/17/16 21:00,315.5,2.5
4/17/16 22:00,312.46666666666664,2.033333333333333
4/17/16 23:00,309.43333333333334,1.5666666666666669
4/18/16 0:00,306.4,1.1
4/18/16 1:00,305.2333333333333,0.9333333333333333
4/18/16 2:00,304.06666666666666,0.7666666666666667
4/18/16 3:00,302.9,0.6
4/18/16 4:00,300.59999999999997,0.5666666666666667
4/18/16 5:00,298.3,0.5333333333333333
4/18/16 6:00,296,0.5
4/18/16 7:00,197.36666666666667,0.5
4/18/16 8:00,98.73333333333335,0.5
4/18/16 9:00,0.1,0.5
4/18/16 10:00,112.69999999999997,0.6333333333333333
4/18/16 11:00,225.29999999999995,0.7666666666666666
4/18/16 12:00,337.9,0.9
4/18/16 13:00,338.59999999999997,0.9
4/18/16 14:00,339.3,0.9
4/18/16 15:00,340,0.9
4/18/16 16:00,344.46666666666664,1.0
4/18/16 17:00,348.93333333333334,1.1
4/18/16 18:00,353.4,1.2
4/18/16 19:00,354.16666666666663,1.2
4/18/16 20:00,354.93333333333334,1.2
4/18/16 21:00,355.7,1.2
4/18/16 22:00,240.4,0.9333333333333333
4/18/16 23:00,125.10000000000002,0.6666666666666667
4/19/16 0:00,9.8,0.4
4/19/16 1:00,124.83333333333331,0.43333333333333335
4/19/16 2:00,239.86666666666665,0.4666666666666667
4/19/16 3:00,354.9,0.5
4/19/16 4:00,356.0333333333333,0.6333333333333333
4/19/16 5:00,357.1666666666667,0.7666666666666666
4/19/16 6:00,358.3,0.9
4/19/16 7:00,353.73333333333335,0.9666666666666667
4/19/16 8:00,349.1666666666667,1.0333333333333334
4/19/16 9:00,344.6,1.1
4/19/16 10:00,341.7666666666667,1.2666666666666668
4/19/16 11:00,338.93333333333334,1.4333333333333333
4/19/16 12:00,336.1,1.6
4/19/16 13:00,333.2,2.1
4/19/16 14:00,330.3,2.6
4/19/16 15:00,327.4,3.1
4/19/16 16:00,325.5333333333333,3.5
4/19/16 17:00,323.6666666666667,3.9
4/19/16 18:00,321.8,4.3
4/19/16 19:00,321.06666666666666,4.466666666666667
4/19/16 20:00,320.33333333333337,4.633333333333333
4/19/16 21:00,319.6,4.8
4/19/16 22:00,322.43333333333334,4.333333333333333
4/19/16 23:00,325.2666666666667,3.8666666666666667
4/20/16 0:00,328.1,3.4
4/20/16 1:00,329.23333333333335,3.3666666666666667
4/20/16 2:00,330.3666666666667,3.333333333333333
4/20/16 3:00,331.5,3.3
4/20/16 4:00,334.93333333333334,3.1666666666666665
4/20/16 5:00,338.3666666666667,3.033333333333333
4/20/16 6:00,341.8,2.9
4/20/16 7:00,341.8333333333333,2.6333333333333333
4/20/16 8:00,341.8666666666667,2.3666666666666667
4/20/16 9:00,341.9,2.1
4/20/16 10:00,346.3,2.2
4/20/16 11:00,350.7,2.3
4/20/16 12:00,355.1,2.4
4/20/16 13:00,350.40000000000003,2.3
4/20/16 14:00,345.7,2.2
4/20/16 15:00,341,2.1
4/20/16 16:00,336.06666666666666,2.2333333333333334
4/20/16 17:00,331.1333333333333,2.3666666666666667
4/20/16 18:00,326.2,2.5
4/20/16 19:00,325.09999999999997,2.6666666666666665
4/20/16 20:00,324.0,2.8333333333333335
4/20/16 21:00,322.9,3
4/20/16 22:00,320.5,2.4
4/20/16 23:00,318.09999999999997,1.8
4/21/16 0:00,315.7,1.2
4/21/16 1:00,293.5,1.0666666666666667
4/21/16 2:00,271.3,0.9333333333333333
4/21/16 3:00,249.1,0.8
4/21/16 4:00,236.43333333333334,0.7333333333333334
4/21/16 5:00,223.76666666666665,0.6666666666666667
4/21/16 6:00,211.1,0.6
4/21/16 7:00,206.36666666666667,0.6666666666666666
4/21/16 8:00,201.63333333333333,0.7333333333333334
4/21/16 9:00,196.9,0.8
4/21/16 10:00,205.0,0.7000000000000001
4/21/16 11:00,213.1,0.6000000000000001
4/21/16 12:00,221.2,0.5
4/21/16 13:00,230.86666666666665,0.9666666666666666
4/21/16 14:00,240.53333333333333,1.4333333333333331
4/21/16 15:00,250.2,1.9
4/21/16 16:00,255.9,2.0
4/21/16 17:00,261.6,2.1
4/21/16 18:00,267.3,2.2
4/21/16 19:00,270.3,2.2333333333333334
4/21/16 20:00,273.3,2.2666666666666666
4/21/16 21:00,276.3,2.3
4/21/16 22:00,289.5,1.7666666666666666
4/21/16 23:00,302.7,1.2333333333333334
4/22/16 0:00,315.9,0.7
4/22/16 1:00,273.8666666666667,0.6
4/22/16 2:00,231.83333333333334,0.5
4/22/16 3:00,189.8,0.4
4/22/16 4:00,180.13333333333335,0.5
4/22/16 5:00,170.46666666666667,0.6
4/22/16 6:00,160.8,0.7
4/22/16 7:00,185.53333333333333,0.7999999999999999
4/22/16 8:00,210.26666666666665,0.8999999999999999
4/22/16 9:00,235,1
4/22/16 10:00,210.66666666666666,0.9
4/22/16 11:00,186.33333333333334,0.8
4/22/16 12:00,162,0.7
4/22/16 13:00,170.96666666666667,1.2
4/22/16 14:00,179.93333333333334,1.7
4/22/16 15:00,188.9,2.2
4/22/16 16:00,196.43333333333334,2.5333333333333337
4/22/16 17:00,203.96666666666667,2.8666666666666667
4/22/16 18:00,211.5,3.2
4/22/16 19:00,224.73333333333332,3.1
4/22/16 20:00,237.96666666666667,3.0
4/22/16 21:00,251.2,2.9
4/22/16 22:00,269.6333333333333,2.333333333333333
4/22/16 23:00,288.06666666666666,1.7666666666666666
4/23/16 0:00,306.5,1.2
4/23/16 1:00,308.96666666666664,1.2
4/23/16 2:00,311.43333333333334,1.2
4/23/16 3:00,313.9,1.2
4/23/16 4:00,318.16666666666663,1.5
4/23/16 5:00,322.43333333333334,1.8
4/23/16 6:00,326.7,2.1
4/23/16 7:00,328.59999999999997,2.1333333333333333
4/23/16 8:00,330.5,2.166666666666667
4/23/16 9:00,332.4,2.2
4/23/16 10:00,332.8,2.3666666666666667
4/23/16 11:00,333.2,2.5333333333333337
4/23/16 12:00,333.6,2.7
4/23/16 13:00,331.73333333333335,2.8666666666666667
4/23/16 14:00,329.8666666666667,3.0333333333333337
4/23/16 15:00,328,3.2
4/23/16 16:00,328.3,3.2666666666666666
4/23/16 17:00,328.59999999999997,3.3333333333333335
4/23/16 18:00,328.9,3.4
4/23/16 19:00,329.09999999999997,3.533333333333333
4/23/16 20:00,329.3,3.6666666666666665
4/23/16 21:00,329.5,3.8
4/23/16 22:00,330.26666666666665,3.3666666666666667
4/23/16 23:00,331.03333333333336,2.9333333333333336
4/24/16 0:00,331.8,2.5
4/24/16 1:00,334.06666666666666,2.3666666666666667
4/24/16 2:00,336.33333333333337,2.2333333333333334
4/24/16 3:00,338.6,2.1
4/24/16 4:00,341.3666666666667,2.1666666666666665
4/24/16 5:00,344.1333333333333,2.2333333333333334
4/24/16 6:00,346.9,2.3
4/24/16 7:00,343.3333333333333,2.2333333333333334
4/24/16 8:00,339.76666666666665,2.1666666666666665
4/24/16 9:00,336.2,2.1
4/24/16 10:00,337.1333333333333,2.466666666666667
4/24/16 11:00,338.06666666666666,2.8333333333333335
4/24/16 12:00,339,3.2
4/24/16 13:00,341.1666666666667,3.1333333333333333
4/24/16 14:00,343.3333333333333,3.066666666666667
4/24/16 15:00,345.5,3
4/24/16 16:00,342.03333333333336,2.966666666666667
4/24/16 17:00,338.56666666666666,2.933333333333333
4/24/16 18:00,335.1,2.9
4/24/16 19:00,327.23333333333335,2.9
4/24/16 20:00,319.3666666666667,2.9
4/24/16 21:00,311.5,2.9
4/24/16 22:00,303.23333333333335,2.466666666666667
4/24/16 23:00,294.96666666666664,2.033333333333333
4/25/16 0:00,286.7,1.6
4/25/16 1:00,276.5,1.3666666666666667
4/25/16 2:00,266.3,1.1333333333333333
4/25/16 3:00,256.1,0.9
4/25/16 4:00,268.6666666666667,1.1
4/25/16 5:00,281.23333333333335,1.3
4/25/16 6:00,293.8,1.5
4/25/16 7:00,294.0,1.3333333333333333
4/25/16 8:00,294.2,1.1666666666666667
4/25/16 9:00,294.4,1
4/25/16 10:00,300.76666666666665,1.2999999999999998
4/25/16 11:00,307.1333333333333,1.5999999999999999
4/25/16 12:00,313.5,1.9
4/25/16 13:00,306.43333333333334,2.1333333333333333
4/25/16 14:00,299.3666666666667,2.3666666666666667
4/25/16 15:00,292.3,2.6
4/25/16 16:00,293.6,2.8000000000000003
4/25/16 17:00,294.9,3.0
4/25/16 18:00,296.2,3.2
4/25/16 19:00,302.56666666666666,3.1333333333333333
4/25/16 20:00,308.93333333333334,3.066666666666667
4/25/16 21:00,315.3,3
4/25/16 22:00,319.8666666666667,2.5
4/25/16 23:00,324.43333333333334,2.0
4/26/16 0:00,329,1.5
4/26/16 1:00,221.03333333333336,1.2333333333333334
4/26/16 2:00,113.06666666666669,0.9666666666666667
4/26/16 3:00,5.1,0.7
4/26/16 4:00,6.666666666666666,0.5666666666666667
4/26/16 5:00,8.233333333333334,0.43333333333333335
4/26/16 6:00,9.8,0.3
4/26/16 7:00,15.5,0.3
4/26/16 8:00,21.2,0.3
4/26/16 9:00,26.9,0.3
4/26/16 10:00,48.56666666666666,0.4333333333333333
4/26/16 11:00,70.23333333333332,0.5666666666666667
4/26/16 12:00,91.9,0.7
4/26/16 13:00,73.53333333333333,0.6333333333333333
4/26/16 14:00,55.16666666666667,0.5666666666666667
4/26/16 15:00,36.8,0.5
4/26/16 16:00,27.799999999999997,0.5
4/26/16 17:00,18.8,0.5
4/26/16 18:00,9.8,0.5
4/26/16 19:00,103.36666666666666,0.7333333333333333
4/26/16 20:00,196.93333333333334,0.9666666666666666
4/26/16 21:00,290.5,1.2
4/26/16 22:00,295.8666666666667,1.2
4/26/16 23:00,301.23333333333335,1.2
4/27/16 0:00,306.6,1.2
4/27/16 1:00,290.6333333333333,1.0666666666666667
4/27/16 2:00,274.6666666666667,0.9333333333333333
4/27/16 3:00,258.7,0.8
4/27/16 4:00,267.6666666666667,0.9333333333333333
4/27/16 5:00,276.6333333333333,1.0666666666666667
4/27/16 6:00,285.6,1.2
4/27/16 7:00,295.43333333333334,1.2
4/27/16 8:00,305.2666666666667,1.2
4/27/16 9:00,315.1,1.2
4/27/16 10:00,311.1666666666667,1.5333333333333332
4/27/16 11:00,307.23333333333335,1.8666666666666667
4/27/16 12:00,303.3,2.2
4/27/16 13:00,297.40000000000003,2.3333333333333335
4/27/16 14:00,291.5,2.466666666666667
4/27/16 15:00,285.6,2.6
4/27/16 16:00,284.1666666666667,2.8000000000000003
4/27/16 17:00,282.73333333333335,3.0
4/27/16 18:00,281.3,3.2
4/27/16 19:00,282.3,3.3000000000000003
4/27/16 20:00,283.3,3.4
4/27/16 21:00,284.3,3.5
4/27/16 22:00,293.6,3.3666666666666667
4/27/16 23:00,302.9,3.2333333333333334
4/28/16 0:00,312.2,3.1
4/28/16 1:00,318.56666666666666,2.5
4/28/16 2:00,324.93333333333334,1.9000000000000001
4/28/16 3:00,331.3,1.3
4/28/16 4:00,320.73333333333335,1.0333333333333334
4/28/16 5:00,310.1666666666667,0.7666666666666667
4/28/16 6:00,299.6,0.5
4/28/16 7:00,302.23333333333335,1.0
4/28/16 8:00,304.8666666666667,1.5
4/28/16 9:00,307.5,2
4/28/16 10:00,314.7,2.3666666666666667
4/28/16 11:00,321.90000000000003,2.7333333333333334
4/28/16 12:00,329.1,3.1
4/28/16 13:00,328.9666666666667,2.8333333333333335
4/28/16 14:00,328.8333333333333,2.5666666666666664
4/28/16 15:00,328.7,2.3
4/28/16 16:00,325.3,2.1333333333333333
4/28/16 17:00,321.9,1.9666666666666668
4/28/16 18:00,318.5,1.8
4/28/16 19:00,320.3,1.9000000000000001
4/28/16 20:00,322.09999999999997,2.0
4/28/16 21:00,323.9,2.1
4/28/16 22:00,332.4,1.8666666666666667
4/28/16 23:00,340.9,1.6333333333333333
4/29/16 0:00,349.4,1.4
4/29/16 1:00,247.8,1.2333333333333334
4/29/16 2:00,146.20000000000002,1.0666666666666667
4/29/16 3:00,44.6,0.9
4/29/16 4:00,149.43333333333334,0.7333333333333334
4/29/16 5:00,254.26666666666665,0.5666666666666667
4/29/16 6:00,359.1,0.4
4/29/16 7:00,254.83333333333337,0.33333333333333337
4/29/16 8:00,150.5666666666667,0.2666666666666667
4/29/16 9:00,46.3,0.2
4/29/16 10:00,90.16666666666667,0.5666666666666667
4/29/16 11:00,134.03333333333336,0.9333333333333333
4/29/16 12:00,177.9,1.3
4/29/16 13:00,194.8,1.4333333333333333
4/29/16 14:00,211.7,1.5666666666666667
4/29/16 15:00,228.6,1.7
4/29/16 16:00,236.7,1.6333333333333333
4/29/16 17:00,244.8,1.5666666666666667
4/29/16 18:00,252.9,1.5
4/29/16 19:00,259.5,1.6333333333333333
4/29/16 20:00,266.1,1.7666666666666666
4/29/16 21:00,272.7,1.9
4/29/16 22:00,297.2,1.6666666666666665
4/29/16 23:00,321.7,1.4333333333333333
4/30/16 0:00,346.2,1.2
4/30/16 1:00,254.0,1.0666666666666667
4/30/16 2:00,161.79999999999998,0.9333333333333333
4/30/16 3:00,69.6,0.8
4/30/16 4:00,53.666666666666664,0.7666666666666667
4/30/16 5:00,37.733333333333334,0.7333333333333333
4/30/16 6:00,21.8,0.7
4/30/16 7:00,27.299999999999997,0.7
4/30/16 8:00,32.8,0.7
4/30/16 9:00,38.3,0.7
4/30/16 10:00,142.33333333333331,0.6
4/30/16 11:00,246.36666666666662,0.5
4/30/16 12:00,350.4,0.4
4/30/16 13:00,333.5,0.6333333333333333
4/30/16 14:00,316.59999999999997,0.8666666666666667
4/30/16 15:00,299.7,1.1
4/30/16 16:00,307.9,1.2333333333333334
4/30/16 17:00,316.1,1.3666666666666667
4/30/16 18:00,324.3,1.5
4/30/16 19:00,320.1333333333333,1.4
4/30/16 20:00,315.9666666666667,1.3
4/30/16 21:00,311.8,1.2
4/30/16 22:00,311.76227727075184,1.2006084311169056
4/30/16 23:00,311.7245545415037,1.2012168622338113
8/1/16 0:00,228.3950456323338,2.545241199478488
8/1/16 1:00,228.35732290308562,2.5458496305953933
8/1/16 2:00,228.31960017383744,2.546458061712299
8/1/16 3:00,228.28187744458933,2.5470664928292046
8/1/16 4:00,228.24415471534115,2.5476749239461105
8/1/16 5:00,228.206431986093,2.548283355063016
8/1/16 6:00,228.16870925684486,2.548891786179922
8/1/16 7:00,228.1309865275967,2.5495002172968277
8/1/16 8:00,228.09326379834854,2.550108648413733
8/1/16 9:00,228.0555410691004,2.5507170795306386
8/1/16 10:00,228.01781833985223,2.5513255106475445
8/1/16 11:00,227.98009561060408,2.5519339417644504
8/1/16 12:00,227.94237288135594,2.552542372881356
8/1/16 13:00,227.90465015210776,2.5531508039982618
8/1/16 14:00,227.86692742285965,2.5537592351151677
8/1/16 15:00,227.82920469361147,2.554367666232073
8/1/16 16:00,227.7914819643633,2.5549760973489786
8/1/16 17:00,227.75375923511518,2.5555845284658845
8/1/16 18:00,227.716036505867,2.5561929595827904
8/1/16 19:00,227.67831377661886,2.556801390699696
8/1/16 20:00,227.64059104737072,2.5574098218166017
8/1/16 21:00,227.60286831812255,2.558018252933507
8/1/16 22:00,227.5651455888744,2.558626684050413
8/1/16 23:00,227.52742285962626,2.5592351151673185
8/2/16 0:00,227.48970013037808,2.5598435462842244
8/2/16 1:00,227.45197740112994,2.5604519774011303
8/2/16 2:00,227.4142546718818,2.5610604085180357
8/2/16 3:00,227.37653194263365,2.561668839634941
8/2/16 4:00,227.3388092133855,2.562277270751847
8/2/16 5:00,227.30108648413733,2.562885701868753
8/2/16 6:00,227.26336375488916,2.5634941329856584
8/2/16 7:00,227.22564102564104,2.564102564102564
8/2/16 8:00,227.18791829639287,2.56471099521947
8/2/16 9:00,227.15019556714472,2.5653194263363757
8/2/16 10:00,227.11247283789658,2.565927857453281
8/2/16 11:00,227.0747501086484,2.566536288570187
8/2/16 12:00,227.03702737940026,2.567144719687093
8/2/16 13:00,226.9993046501521,2.5677531508039984
8/2/16 14:00,226.96158192090394,2.568361581920904
8/2/16 15:00,226.9238591916558,2.5689700130378097
8/2/16 16:00,226.88613646240765,2.5695784441547156
8/2/16 17:00,226.8484137331595,2.570186875271621
8/2/16 18:00,226.81069100391136,2.570795306388527
8/2/16 19:00,226.77296827466319,2.5714037375054324
8/2/16 20:00,226.73524554541504,2.5720121686223383
8/2/16 21:00,226.6975228161669,2.5726205997392437
8/2/16 22:00,226.65980008691872,2.573229030856149
8/2/16 23:00,226.62207735767058,2.5738374619730555
8/3/16 0:00,226.58435462842243,2.574445893089961
8/3/16 1:00,226.54663189917426,2.5750543242068664
8/3/16 2:00,226.50890916992614,2.5756627553237723
8/3/16 3:00,226.47118644067797,2.576271186440678
8/3/16 4:00,226.4334637114298,2.5768796175575837
8/3/16 5:00,226.39574098218168,2.577488048674489
8/3/16 6:00,226.3580182529335,2.5780964797913954
8/3/16 7:00,226.32029552368536,2.578704910908301
8/3/16 8:00,226.28257279443721,2.5793133420252063
8/3/16 9:00,226.24485006518904,2.5799217731421122
8/3/16 10:00,226.2071273359409,2.580530204259018
8/3/16 11:00,226.16940460669275,2.5811386353759236
8/3/16 12:00,226.13168187744458,2.581747066492829
8/3/16 13:00,226.09395914819643,2.582355497609735
8/3/16 14:00,226.0562364189483,2.582963928726641
8/3/16 15:00,226.01851368970011,2.5835723598435463
8/3/16 16:00,225.980790960452,2.5841807909604517
8/3/16 17:00,225.94306823120382,2.5847892220773576
8/3/16 18:00,225.90534550195565,2.5853976531942635
8/3/16 19:00,225.86762277270753,2.586006084311169
8/3/16 20:00,225.82990004345936,2.586614515428075
8/3/16 21:00,225.79217731421122,2.5872229465449808
8/3/16 22:00,225.75445458496307,2.587831377661886
8/3/16 23:00,225.7167318557149,2.5884398087787917
8/4/16 1:00,225.6412863972186,2.5896566710126034
8/4/16 2:00,225.60356366797043,2.590265102129509
8/4/16 3:00,225.5658409387223,2.590873533246415
8/4/16 4:00,225.52811820947414,2.5914819643633207
8/4/16 5:00,225.49039548022597,2.592090395480226
8/4/16 6:00,225.45267275097785,2.5926988265971316
8/4/16 7:00,225.41495002172968,2.5933072577140375
8/4/16 8:00,225.3772272924815,2.5939156888309434
8/4/16 9:00,225.3395045632334,2.594524119947849
8/4/16 10:00,225.30178183398522,2.5951325510647543
8/4/16 11:00,225.26405910473707,2.59574098218166
8/4/16 12:00,225.22633637548893,2.596349413298566
8/4/16 13:00,225.18861364624075,2.5969578444154715
8/4/16 14:00,225.1508909169926,2.597566275532377
8/4/16 15:00,225.11316818774446,2.5981747066492833
8/4/16 16:00,225.0754454584963,2.5987831377661887
8/4/16 17:00,225.03772272924815,2.599391568883094
8/4/16 18:00,225,2.6
8/4/16 19:00,226.56666666666666,2.6666666666666665
8/4/16 20:00,228.13333333333333,2.7333333333333334
8/4/16 21:00,229.7,2.8
8/4/16 22:00,230.16666666666666,2.2
8/4/16 23:00,230.63333333333333,1.6
8/5/16 0:00,231.1,1
8/5/16 1:00,216.46666666666667,0.9333333333333333
8/5/16 2:00,201.83333333333331,0.8666666666666667
8/5/16 3:00,187.2,0.8
8/5/16 4:00,184.36666666666665,0.8333333333333334
8/5/16 5:00,181.53333333333333,0.8666666666666667
8/5/16 6:00,178.7,0.9
8/5/16 7:00,177.93333333333334,0.9
8/5/16 8:00,177.16666666666666,0.9
8/5/16 9:00,176.4,0.9
8/5/16 10:00,178.0,1.2
8/5/16 11:00,179.6,1.5
8/5/16 12:00,181.2,1.8
8/5/16 13:00,186.2,2.033333333333333
8/5/16 14:00,191.2,2.2666666666666666
8/5/16 15:00,196.2,2.5
8/5/16 16:00,197.96666666666667,2.933333333333333
8/5/16 17:00,199.73333333333332,3.3666666666666663
8/5/16 18:00,201.5,3.8
8/5/16 19:00,205.3,3.6666666666666665
8/5/16 20:00,209.1,3.533333333333333
8/5/16 21:00,212.9,3.4
8/5/16 22:00,208.66666666666666,3.2666666666666666
8/5/16 23:00,204.43333333333334,3.1333333333333333
8/6/16 0:00,200.2,3
8/6/16 1:00,202.29999999999998,3.033333333333333
8/6/16 2:00,204.4,3.066666666666667
8/6/16 3:00,206.5,3.1
8/6/16 4:00,205.96666666666667,2.7666666666666666
8/6/16 5:00,205.43333333333334,2.4333333333333336
8/6/16 6:00,204.9,2.1
8/6/16 7:00,209.03333333333333,2.1
8/6/16 8:00,213.16666666666669,2.1
8/6/16 9:00,217.3,2.1
8/6/16 10:00,220.4,1.9666666666666668
8/6/16 11:00,223.5,1.8333333333333335
8/6/16 12:00,226.6,1.7
8/6/16 13:00,240.53333333333333,2.2666666666666666
8/6/16 14:00,254.46666666666664,2.833333333333333
8/6/16 15:00,268.4,3.4
8/6/16 16:00,275.16666666666663,3.3666666666666667
8/6/16 17:00,281.93333333333334,3.333333333333333
8/6/16 18:00,288.7,3.3
8/6/16 19:00,294.8333333333333,3.333333333333333
8/6/16 20:00,300.9666666666667,3.3666666666666667
8/6/16 21:00,307.1,3.4
8/6/16 22:00,305.8,2.933333333333333
8/6/16 23:00,304.5,2.466666666666667
8/7/16 0:00,303.2,2
8/7/16 1:00,298.0333333333333,1.6333333333333333
8/7/16 2:00,292.8666666666667,1.2666666666666666
8/7/16 3:00,287.7,0.9
8/7/16 4:00,270.43333333333334,0.7
8/7/16 5:00,253.16666666666669,0.5
8/7/16 6:00,235.9,0.3
8/7/16 7:00,244.66666666666666,0.4333333333333333
8/7/16 8:00,253.43333333333334,0.5666666666666667
8/7/16 9:00,262.2,0.7
8/7/16 10:00,265.3333333333333,0.8333333333333333
8/7/16 11:00,268.4666666666667,0.9666666666666667
8/7/16 12:00,271.6,1.1
8/7/16 13:00,277.2,1.7666666666666666
8/7/16 14:00,282.8,2.4333333333333336
8/7/16 15:00,288.4,3.1
8/7/16 16:00,287.8333333333333,3.1
8/7/16 17:00,287.26666666666665,3.1
8/7/16 18:00,286.7,3.1
8/7/16 19:00,286.56666666666666,3.1333333333333333
8/7/16 20:00,286.43333333333334,3.166666666666667
8/7/16 21:00,286.3,3.2
8/7/16 22:00,288.90000000000003,2.8000000000000003
8/7/16 23:00,291.5,2.4000000000000004
8/8/16 0:00,294.1,2
8/8/16 1:00,289.33333333333337,1.6
8/8/16 2:00,284.56666666666666,1.2000000000000002
8/8/16 3:00,279.8,0.8
8/8/16 4:00,266.8666666666667,0.6666666666666667
8/8/16 5:00,253.93333333333334,0.5333333333333334
8/8/16 6:00,241,0.4
8/8/16 7:00,244.76666666666668,0.5
8/8/16 8:00,248.53333333333333,0.6
8/8/16 9:00,252.3,0.7
8/8/16 10:00,246.53333333333333,0.7666666666666666
8/8/16 11:00,240.76666666666668,0.8333333333333333
8/8/16 12:00,235,0.9
8/8/16 13:00,249.93333333333334,1.9
8/8/16 14:00,264.8666666666667,2.9
8/8/16 15:00,279.8,3.9
8/8/16 16:00,282.56666666666666,3.933333333333333
8/8/16 17:00,285.33333333333337,3.966666666666667
8/8/16 18:00,288.1,4
8/8/16 19:00,293.4666666666667,3.7
8/8/16 20:00,298.8333333333333,3.4000000000000004
8/8/16 21:00,304.2,3.1
8/8/16 22:00,305.26666666666665,2.6333333333333333
8/8/16 23:00,306.3333333333333,2.166666666666667
8/9/16 0:00,307.4,1.7
8/9/16 1:00,298.2,1.2666666666666666
8/9/16 2:00,289.0,0.8333333333333335
8/9/16 3:00,279.8,0.4
8/9/16 4:00,300.76666666666665,0.43333333333333335
8/9/16 5:00,321.73333333333335,0.4666666666666667
8/9/16 6:00,342.7,0.5
8/9/16 7:00,306.3333333333333,0.43333333333333335
8/9/16 8:00,269.9666666666667,0.3666666666666667
8/9/16 9:00,233.6,0.3
8/9/16 10:00,189.0,0.26666666666666666
8/9/16 11:00,144.39999999999998,0.23333333333333334
8/9/16 12:00,99.8,0.2
8/9/16 13:00,164.5333333333333,0.5666666666666667
8/9/16 14:00,229.26666666666665,0.9333333333333333
8/9/16 15:00,294,1.3
8/9/16 16:00,288.8666666666667,1.4000000000000001
8/9/16 17:00,283.73333333333335,1.5
8/9/16 18:00,278.6,1.6
8/9/16 19:00,271.6333333333333,1.6
8/9/16 20:00,264.6666666666667,1.6
8/9/16 21:00,257.7,1.6
8/9/16 22:00,230.43333333333334,1.2000000000000002
8/9/16 23:00,203.16666666666669,0.8
8/10/16 0:00,175.9,0.4
8/10/16 1:00,162.33333333333334,0.4666666666666667
8/10/16 2:00,148.76666666666665,0.5333333333333333
8/10/16 3:00,135.2,0.6
8/10/16 4:00,132.9,0.6333333333333333
8/10/16 5:00,130.6,0.6666666666666666
8/10/16 6:00,128.3,0.7
8/10/16 7:00,136.03333333333333,0.8666666666666666
8/10/16 8:00,143.76666666666668,1.0333333333333332
8/10/16 9:00,151.5,1.2
8/10/16 10:00,157.63333333333333,1.4333333333333333
8/10/16 11:00,163.76666666666668,1.6666666666666665
8/10/16 12:00,169.9,1.9
8/10/16 13:00,179.4,2.0666666666666664
8/10/16 14:00,188.9,2.2333333333333334
8/10/16 15:00,198.4,2.4
8/10/16 16:00,198.93333333333334,2.6333333333333333
8/10/16 17:00,199.46666666666667,2.8666666666666667
8/10/16 18:00,200,3.1
8/10/16 19:00,205.36666666666667,2.7666666666666666
8/10/16 20:00,210.73333333333332,2.4333333333333336
8/10/16 21:00,216.1,2.1
8/10/16 22:00,212.56666666666666,1.8666666666666667
8/10/16 23:00,209.03333333333333,1.6333333333333333
8/11/16 0:00,205.5,1.4
8/11/16 1:00,200.26666666666668,1.2
8/11/16 2:00,195.03333333333333,1.0
8/11/16 3:00,189.8,0.8
8/11/16 4:00,191.03333333333333,0.7333333333333334
8/11/16 5:00,192.26666666666668,0.6666666666666667
8/11/16 6:00,193.5,0.6
8/11/16 7:00,190.46666666666667,0.7999999999999999
8/11/16 8:00,187.43333333333334,1.0
8/11/16 9:00,184.4,1.2
8/11/16 10:00,187.8,1.2666666666666666
8/11/16 11:00,191.2,1.3333333333333333
8/11/16 12:00,194.6,1.4
8/11/16 13:00,217.53333333333333,1.7333333333333332
8/11/16 14:00,240.46666666666664,2.0666666666666664
8/11/16 15:00,263.4,2.4
8/11/16 16:00,267.2,2.5666666666666664
8/11/16 17:00,271.0,2.7333333333333334
8/11/16 18:00,274.8,2.9
8/11/16 19:00,281.53333333333336,2.8
8/11/16 20:00,288.26666666666665,2.7
8/11/16 21:00,295,2.6
8/11/16 22:00,303.43333333333334,1.9333333333333336
8/11/16 23:00,311.8666666666667,1.2666666666666668
8/12/16 0:00,320.3,0.6
8/12/16 1:00,289.06666666666666,0.5666666666666667
8/12/16 2:00,257.8333333333333,0.5333333333333333
8/12/16 3:00,226.6,0.5
8/12/16 4:00,203.93333333333334,0.5333333333333333
8/12/16 5:00,181.26666666666665,0.5666666666666667
8/12/16 6:00,158.6,0.6
8/12/16 7:00,171.43333333333334,0.7333333333333333
8/12/16 8:00,184.26666666666665,0.8666666666666667
8/12/16 9:00,197.1,1
8/12/16 10:00,201.36666666666667,1.5333333333333332
8/12/16 11:00,205.63333333333333,2.0666666666666664
8/12/16 12:00,209.9,2.6
8/12/16 13:00,222.63333333333333,2.6
8/12/16 14:00,235.36666666666667,2.6
8/12/16 15:00,248.1,2.6
8/12/16 16:00,258.6666666666667,2.3666666666666667
8/12/16 17:00,269.23333333333335,2.1333333333333333
8/12/16 18:00,279.8,1.9
8/12/16 19:00,283.76666666666665,1.7333333333333332
8/12/16 20:00,287.73333333333335,1.5666666666666667
8/12/16 21:00,291.7,1.4
8/12/16 22:00,302.43333333333334,1.1333333333333333
8/12/16 23:00,313.16666666666663,0.8666666666666667
8/13/16 0:00,323.9,0.6
8/13/16 1:00,332.6333333333333,0.6666666666666666
8/13/16 2:00,341.3666666666667,0.7333333333333334
8/13/16 3:00,350.1,0.8
8/13/16 4:00,318.26666666666665,0.5666666666666667
8/13/16 5:00,286.43333333333334,0.33333333333333337
8/13/16 6:00,254.6,0.1
8/13/16 7:00,213.6,0.5
8/13/16 8:00,172.6,0.8999999999999999
8/13/16 9:00,131.6,1.3
8/13/16 10:00,133.36666666666667,1.5333333333333334
8/13/16 11:00,135.13333333333333,1.7666666666666666
8/13/16 12:00,136.9,2
8/13/16 13:00,140.23333333333335,2.033333333333333
8/13/16 14:00,143.56666666666666,2.066666666666667
8/13/16 15:00,146.9,2.1
8/13/16 16:00,143.33333333333334,2.1333333333333333
8/13/16 17:00,139.76666666666665,2.166666666666667
8/13/16 18:00,136.2,2.2
8/13/16 19:00,136.06666666666666,2.4
8/13/16 20:00,135.93333333333334,2.6
8/13/16 21:00,135.8,2.8
8/13/16 22:00,138.4,2.6999999999999997
8/13/16 23:00,141.0,2.6
8/14/16 0:00,143.6,2.5
8/14/16 1:00,148.79999999999998,2.6333333333333333
8/14/16 2:00,154.0,2.7666666666666666
8/14/16 3:00,159.2,2.9
8/14/16 4:00,164.13333333333333,2.9
8/14/16 5:00,169.06666666666666,2.9
8/14/16 6:00,174,2.9
8/14/16 7:00,182.8,2.8333333333333335
8/14/16 8:00,191.6,2.7666666666666666
8/14/16 9:00,200.4,2.7
8/14/16 10:00,204.66666666666666,2.6333333333333333
8/14/16 11:00,208.93333333333334,2.566666666666667
8/14/16 12:00,213.2,2.5
8/14/16 13:00,226.2,2.8666666666666667
8/14/16 14:00,239.2,3.2333333333333334
8/14/16 15:00,252.2,3.6
8/14/16 16:00,261.4,3.4
8/14/16 17:00,270.6,3.2
8/14/16 18:00,279.8,3
8/14/16 19:00,285.43333333333334,2.8
8/14/16 20:00,291.06666666666666,2.6
8/14/16 21:00,296.7,2.4
8/14/16 22:00,300.06666666666666,2.3666666666666667
8/14/16 23:00,303.43333333333334,2.333333333333333
8/15/16 0:00,306.8,2.3
8/15/16 1:00,305.1666666666667,2.0999999999999996
8/15/16 2:00,303.5333333333333,1.9
8/15/16 3:00,301.9,1.7
8/15/16 4:00,293.0333333333333,1.8
8/15/16 5:00,284.1666666666667,1.9
8/15/16 6:00,275.3,2
8/15/16 7:00,279.40000000000003,2.033333333333333
8/15/16 8:00,283.5,2.066666666666667
8/15/16 9:00,287.6,2.1
8/15/16 10:00,298.8,1.9666666666666668
8/15/16 11:00,310.0,1.8333333333333335
8/15/16 12:00,321.2,1.7
8/15/16 13:00,322.1333333333333,2.1333333333333333
8/15/16 14:00,323.06666666666666,2.5666666666666664
8/15/16 15:00,324,3
8/15/16 16:00,322.6,2.933333333333333
8/15/16 17:00,321.2,2.8666666666666667
8/15/16 18:00,319.8,2.8
8/15/16 19:00,317.90000000000003,2.6333333333333333
8/15/16 20:00,316.0,2.4666666666666663
8/15/16 21:00,314.1,2.3
8/15/16 22:00,310.6333333333333,1.7999999999999998
8/15/16 23:00,307.1666666666667,1.3
8/16/16 0:00,303.7,0.8
8/16/16 1:00,272.9,0.7000000000000001
8/16/16 2:00,242.10000000000002,0.6000000000000001
8/16/16 3:00,211.3,0.5
8/16/16 4:00,204.13333333333335,0.5333333333333333
8/16/16 5:00,196.96666666666667,0.5666666666666667
8/16/16 6:00,189.8,0.6
8/16/16 7:00,184.43333333333334,0.5666666666666667
8/16/16 8:00,179.06666666666666,0.5333333333333333
8/16/16 9:00,173.7,0.5
8/16/16 10:00,164.73333333333332,0.6333333333333333
8/16/16 11:00,155.76666666666668,0.7666666666666666
8/16/16 12:00,146.8,0.9
8/16/16 13:00,161.66666666666669,1.1333333333333333
8/16/16 14:00,176.53333333333333,1.3666666666666667
8/16/16 15:00,191.4,1.6
8/16/16 16:00,193.76666666666668,2.033333333333333
8/16/16 17:00,196.13333333333333,2.466666666666667
8/16/16 18:00,198.5,2.9
8/16/16 19:00,184.33333333333334,2.533333333333333
8/16/16 20:00,170.16666666666666,2.166666666666667
8/16/16 21:00,156,1.8
8/16/16 22:00,149.4,2.2666666666666666
8/16/16 23:00,142.79999999999998,2.7333333333333334
8/17/16 0:00,136.2,3.2
8/17/16 1:00,142.29999999999998,3.466666666666667
8/17/16 2:00,148.4,3.7333333333333334
8/17/16 3:00,154.5,4
8/17/16 4:00,163.5,3.166666666666667
8/17/16 5:00,172.5,2.3333333333333335
8/17/16 6:00,181.5,1.5
8/17/16 7:00,195.4,1.4666666666666666
8/17/16 8:00,209.29999999999998,1.4333333333333333
8/17/16 9:00,223.2,1.4
8/17/16 10:00,246.7,2.0666666666666664
8/17/16 11:00,270.2,2.7333333333333334
8/17/16 12:00,293.7,3.4
8/17/16 13:00,296.6333333333333,3.4
8/17/16 14:00,299.56666666666666,3.4
8/17/16 15:00,302.5,3.4
8/17/16 16:00,306.6666666666667,3.6
8/17/16 17:00,310.8333333333333,3.8
8/17/16 18:00,315,4
8/17/16 19:00,315.23333333333335,3.6
8/17/16 20:00,315.46666666666664,3.2
8/17/16 21:00,315.7,2.8
8/17/16 22:00,307.2,2.1
8/17/16 23:00,298.7,1.4000000000000001
8/18/16 0:00,290.2,0.7
8/18/16 1:00,269.5333333333333,0.6666666666666666
8/18/16 2:00,248.86666666666667,0.6333333333333333
8/18/16 3:00,228.2,0.6
8/18/16 4:00,217.46666666666667,0.6333333333333333
8/18/16 5:00,206.73333333333332,0.6666666666666666
8/18/16 6:00,196,0.7
8/18/16 7:00,193.23333333333332,0.7666666666666666
8/18/16 8:00,190.46666666666667,0.8333333333333333
8/18/16 9:00,187.7,0.9
8/18/16 10:00,186.33333333333331,0.9666666666666667
8/18/16 11:00,184.96666666666667,1.0333333333333334
8/18/16 12:00,183.6,1.1
8/18/16 13:00,211.33333333333334,1.6666666666666665
8/18/16 14:00,239.06666666666666,2.2333333333333334
8/18/16 15:00,266.8,2.8
8/18/16 16:00,274.3333333333333,2.833333333333333
8/18/16 17:00,281.8666666666667,2.8666666666666667
8/18/16 18:00,289.4,2.9
8/18/16 19:00,293.8333333333333,2.966666666666667
8/18/16 20:00,298.26666666666665,3.033333333333333
8/18/16 21:00,302.7,3.1
8/18/16 22:00,302.23333333333335,2.5
8/18/16 23:00,301.76666666666665,1.9000000000000001
8/19/16 0:00,301.3,1.3
8/19/16 1:00,294.1333333333333,0.9666666666666668
8/19/16 2:00,286.9666666666667,0.6333333333333334
8/19/16 3:00,279.8,0.3
8/19/16 4:00,279.8,0.26666666666666666
8/19/16 5:00,279.8,0.23333333333333334
8/19/16 6:00,279.8,0.2
8/19/16 7:00,292.3666666666667,0.36666666666666664
8/19/16 8:00,304.93333333333334,0.5333333333333332
8/19/16 9:00,317.5,0.7
8/19/16 10:00,320.43333333333334,0.8333333333333333
8/19/16 11:00,323.3666666666667,0.9666666666666667
8/19/16 12:00,326.3,1.1
8/19/16 13:00,328.23333333333335,1.5666666666666667
8/19/16 14:00,330.1666666666667,2.033333333333333
8/19/16 15:00,332.1,2.5
8/19/16 16:00,328.3666666666667,2.5
8/19/16 17:00,324.6333333333333,2.5
8/19/16 18:00,320.9,2.5
8/19/16 19:00,321.4,2.5
8/19/16 20:00,321.9,2.5
8/19/16 21:00,322.4,2.5
8/19/16 22:00,324.5,2.033333333333333
8/19/16 23:00,326.59999999999997,1.5666666666666669
8/20/16 0:00,328.7,1.1
8/20/16 1:00,252.4,0.8333333333333335
8/20/16 2:00,176.10000000000002,0.5666666666666668
8/20/16 3:00,99.8,0.3
8/20/16 4:00,104.46666666666667,0.5333333333333333
8/20/16 5:00,109.13333333333333,0.7666666666666666
8/20/16 6:00,113.8,1
8/20/16 7:00,115.83333333333333,1.0333333333333334
8/20/16 8:00,117.86666666666667,1.0666666666666667
8/20/16 9:00,119.9,1.1
8/20/16 10:00,125.60000000000001,1.3
8/20/16 11:00,131.3,1.5
8/20/16 12:00,137,1.7
8/20/16 13:00,145.7,1.9
8/20/16 14:00,154.4,2.0999999999999996
8/20/16 15:00,163.1,2.3
8/20/16 16:00,164.46666666666667,2.6666666666666665
8/20/16 17:00,165.83333333333331,3.033333333333333
8/20/16 18:00,167.2,3.4
8/20/16 19:00,167.96666666666667,3.3666666666666667
8/20/16 20:00,168.73333333333332,3.333333333333333
8/20/16 21:00,169.5,3.3
8/20/16 22:00,162.43333333333334,2.933333333333333
8/20/16 23:00,155.36666666666667,2.566666666666667
8/21/16 0:00,148.3,2.2
8/21/16 1:00,147.16666666666669,2.1333333333333333
8/21/16 2:00,146.03333333333333,2.066666666666667
8/21/16 3:00,144.9,2
8/21/16 4:00,148.96666666666667,2.1333333333333333
8/21/16 5:00,153.03333333333333,2.2666666666666666
8/21/16 6:00,157.1,2.4
8/21/16 7:00,159.1,2.3333333333333335
8/21/16 8:00,161.1,2.2666666666666666
8/21/16 9:00,163.1,2.2
8/21/16 10:00,163.16666666666666,2.7333333333333334
8/21/16 11:00,163.23333333333335,3.2666666666666666
8/21/16 12:00,163.3,3.8
8/21/16 13:00,166.86666666666667,4.2
8/21/16 14:00,170.43333333333334,4.6
8/21/16 15:00,174,5
8/21/16 16:00,172.46666666666667,5.133333333333334
8/21/16 17:00,170.93333333333334,5.266666666666667
8/21/16 18:00,169.4,5.4
8/21/16 19:00,165.63333333333333,5.066666666666667
8/21/16 20:00,161.86666666666667,4.733333333333333
8/21/16 21:00,158.1,4.4
8/21/16 22:00,160.29999999999998,3.966666666666667
8/21/16 23:00,162.5,3.5333333333333337
8/22/16 0:00,164.7,3.1
8/22/16 1:00,161.46666666666667,2.9
8/22/16 2:00,158.23333333333332,2.7
8/22/16 3:00,155,2.5
8/22/16 4:00,165.0,1.8333333333333335
8/22/16 5:00,175.0,1.1666666666666667
8/22/16 6:00,185,0.5
8/22/16 7:00,215.33333333333334,0.8666666666666667
8/22/16 8:00,245.66666666666666,1.2333333333333334
8/22/16 9:00,276,1.6
8/22/16 10:00,279.6666666666667,2.0
8/22/16 11:00,283.3333333333333,2.4
8/22/16 12:00,287,2.8
8/22/16 13:00,288.46666666666664,3.1666666666666665
8/22/16 14:00,289.93333333333334,3.533333333333333
8/22/16 15:00,291.4,3.9
8/22/16 16:00,293.0333333333333,3.9666666666666663
8/22/16 17:00,294.6666666666667,4.033333333333333
8/22/16 18:00,296.3,4.1
8/22/16 19:00,297.3666666666667,4.133333333333333
8/22/16 20:00,298.43333333333334,4.166666666666667
8/22/16 21:00,299.5,4.2
8/22/16 22:00,300.3333333333333,3.8000000000000003
8/22/16 23:00,301.1666666666667,3.4000000000000004
8/23/16 0:00,302,3
8/23/16 1:00,303.8666666666667,2.5
8/23/16 2:00,305.73333333333335,2.0
8/23/16 3:00,307.6,1.5
8/23/16 4:00,289.6666666666667,1.2333333333333334
8/23/16 5:00,271.73333333333335,0.9666666666666667
8/23/16 6:00,253.8,0.7
8/23/16 7:00,240.23333333333335,0.6666666666666666
8/23/16 8:00,226.66666666666666,0.6333333333333333
8/23/16 9:00,213.1,0.6
8/23/16 10:00,211.79999999999998,0.6333333333333333
8/23/16 11:00,210.5,0.6666666666666666
8/23/16 12:00,209.2,0.7
8/23/16 13:00,226.73333333333332,1.4333333333333333
8/23/16 14:00,244.26666666666665,2.166666666666667
8/23/16 15:00,261.8,2.9
8/23/16 16:00,258.3666666666667,3.033333333333333
8/23/16 17:00,254.93333333333334,3.1666666666666665
8/23/16 18:00,251.5,3.3
8/23/16 19:00,248.76666666666668,3.2666666666666666
8/23/16 20:00,246.03333333333333,3.2333333333333334
8/23/16 21:00,243.3,3.2
8/23/16 22:00,243.56666666666666,2.666666666666667
8/23/16 23:00,243.83333333333334,2.1333333333333337
8/24/16 0:00,244.1,1.6
8/24/16 1:00,234.43333333333334,1.3
8/24/16 2:00,224.76666666666665,1.0
8/24/16 3:00,215.1,0.7
8/24/16 4:00,201.16666666666666,0.7333333333333333
8/24/16 5:00,187.23333333333335,0.7666666666666667
8/24/16 6:00,173.3,0.8
8/24/16 7:00,172.53333333333333,0.7666666666666667
8/24/16 8:00,171.76666666666668,0.7333333333333333
8/24/16 9:00,171,0.7
8/24/16 10:00,169.23333333333332,0.7
8/24/16 11:00,167.46666666666667,0.7
8/24/16 12:00,165.7,0.7
8/24/16 13:00,193.93333333333334,1.4333333333333333
8/24/16 14:00,222.16666666666666,2.166666666666667
8/24/16 15:00,250.4,2.9
8/24/16 16:00,245.96666666666667,2.8
8/24/16 17:00,241.53333333333333,2.7
8/24/16 18:00,237.1,2.6
8/24/16 19:00,231.93333333333334,2.5
8/24/16 20:00,226.76666666666665,2.4
8/24/16 21:00,221.6,2.3
8/24/16 22:00,213.56666666666666,1.9
8/24/16 23:00,205.53333333333333,1.5
8/25/16 0:00,197.5,1.1
8/25/16 1:00,189.9,1.1333333333333333
8/25/16 2:00,182.29999999999998,1.1666666666666667
8/25/16 3:00,174.7,1.2
8/25/16 4:00,182.26666666666665,1.3
8/25/16 5:00,189.83333333333334,1.4
8/25/16 6:00,197.4,1.5
8/25/16 7:00,188.73333333333335,1.4666666666666666
8/25/16 8:00,180.06666666666666,1.4333333333333333
8/25/16 9:00,171.4,1.4
8/25/16 10:00,181.13333333333333,1.8666666666666665
8/25/16 11:00,190.86666666666667,2.333333333333333
8/25/16 12:00,200.6,2.8
8/25/16 13:00,202.5,2.833333333333333
8/25/16 14:00,204.4,2.8666666666666667
8/25/16 15:00,206.3,2.9
8/25/16 16:00,207.86666666666667,2.933333333333333
8/25/16 17:00,209.43333333333334,2.966666666666667
8/25/16 18:00,211,3
8/25/16 19:00,213.13333333333333,2.8
8/25/16 20:00,215.26666666666668,2.6
8/25/16 21:00,217.4,2.4
8/25/16 22:00,219.13333333333333,2.1333333333333333
8/25/16 23:00,220.86666666666667,1.8666666666666667
8/26/16 0:00,222.6,1.6
8/26/16 1:00,220.56666666666666,1.5
8/26/16 2:00,218.53333333333333,1.4000000000000001
8/26/16 3:00,216.5,1.3
8/26/16 4:00,203.76666666666668,1.2333333333333334
8/26/16 5:00,191.03333333333333,1.1666666666666667
8/26/16 6:00,178.3,1.1
8/26/16 7:00,183.66666666666669,1.2666666666666668
8/26/16 8:00,189.03333333333333,1.4333333333333333
8/26/16 9:00,194.4,1.6
8/26/16 10:00,195.93333333333334,1.3666666666666667
8/26/16 11:00,197.46666666666667,1.1333333333333333
8/26/16 12:00,199,0.9
8/26/16 13:00,215.63333333333333,1.6
8/26/16 14:00,232.26666666666665,2.3
8/26/16 15:00,248.9,3
8/26/16 16:00,257.1333333333333,3.3
8/26/16 17:00,265.3666666666667,3.5999999999999996
8/26/16 18:00,273.6,3.9
8/26/16 19:00,277.7666666666667,3.9666666666666663
8/26/16 20:00,281.93333333333334,4.033333333333333
8/26/16 21:00,286.1,4.1
8/26/16 22:00,287.93333333333334,3.4
8/26/16 23:00,289.7666666666667,2.7
8/27/16 0:00,291.6,2
8/27/16 1:00,287.6666666666667,1.3666666666666667
8/27/16 2:00,283.73333333333335,0.7333333333333334
8/27/16 3:00,279.8,0.1
8/27/16 4:00,289.2,0.2
8/27/16 5:00,298.6,0.30000000000000004
8/27/16 6:00,308,0.4
8/27/16 7:00,308.5,0.4
8/27/16 8:00,309.0,0.4
8/27/16 9:00,309.5,0.4
8/27/16 10:00,314.0,0.5666666666666667
8/27/16 11:00,318.5,0.7333333333333334
8/27/16 12:00,323,0.9
8/27/16 13:00,326.1333333333333,1.3333333333333335
8/27/16 14:00,329.26666666666665,1.7666666666666668
8/27/16 15:00,332.4,2.2
8/27/16 16:00,329.5333333333333,2.2666666666666666
8/27/16 17:00,326.6666666666667,2.3333333333333335
8/27/16 18:00,323.8,2.4
8/27/16 19:00,325.8333333333333,2.2666666666666666
8/27/16 20:00,327.8666666666667,2.1333333333333333
8/27/16 21:00,329.9,2
8/27/16 22:00,326.66666666666663,1.5333333333333334
8/27/16 23:00,323.43333333333334,1.0666666666666669
8/28/16 0:00,320.2,0.6
8/28/16 1:00,251.93333333333334,0.6
8/28/16 2:00,183.66666666666669,0.6
8/28/16 3:00,115.4,0.6
8/28/16 4:00,115.9,0.8333333333333333
8/28/16 5:00,116.4,1.0666666666666667
8/28/16 6:00,116.9,1.3
8/28/16 7:00,120.76666666666667,1.2
8/28/16 8:00,124.63333333333334,1.1
8/28/16 9:00,128.5,1
8/28/16 10:00,139.33333333333334,1.1333333333333333
8/28/16 11:00,150.16666666666666,1.2666666666666666
8/28/16 12:00,161,1.4
8/28/16 13:00,169.43333333333334,1.9666666666666666
8/28/16 14:00,177.86666666666667,2.533333333333333
8/28/16 15:00,186.3,3.1
8/28/16 16:00,188.1,3.1
8/28/16 17:00,189.9,3.1
8/28/16 18:00,191.7,3.1
8/28/16 19:00,191.06666666666666,2.966666666666667
8/28/16 20:00,190.43333333333334,2.8333333333333335
8/28/16 21:00,189.8,2.7
8/28/16 22:00,185.93333333333334,2.2666666666666666
8/28/16 23:00,182.06666666666666,1.8333333333333335
8/29/16 0:00,178.2,1.4
8/29/16 1:00,182.06666666666666,1.4333333333333333
8/29/16 2:00,185.93333333333334,1.4666666666666666
8/29/16 3:00,189.8,1.5
8/29/16 4:00,201.83333333333334,1.4
8/29/16 5:00,213.86666666666667,1.3
8/29/16 6:00,225.9,1.2
8/29/16 7:00,237.43333333333334,1.3666666666666667
8/29/16 8:00,248.96666666666667,1.5333333333333332
8/29/16 9:00,260.5,1.7
8/29/16 10:00,269.6666666666667,2.033333333333333
8/29/16 11:00,278.8333333333333,2.3666666666666667
8/29/16 12:00,288,2.7
8/29/16 13:00,293.1333333333333,3.1666666666666665
8/29/16 14:00,298.26666666666665,3.633333333333333
8/29/16 15:00,303.4,4.1
8/29/16 16:00,305.46666666666664,4.133333333333333
8/29/16 17:00,307.53333333333336,4.166666666666667
8/29/16 18:00,309.6,4.2
8/29/16 19:00,311.6333333333333,4.0
8/29/16 20:00,313.6666666666667,3.8000000000000003
8/29/16 21:00,315.7,3.6
8/29/16 22:00,315.7,2.8
8/29/16 23:00,315.7,2.0
8/30/16 0:00,315.7,1.2
8/30/16 1:00,210.46666666666667,0.8
8/30/16 2:00,105.23333333333335,0.4
8/30/16 3:00,,
8/30/16 4:00,33.266666666666666,0.06666666666666667
8/30/16 5:00,66.53333333333333,0.13333333333333333
8/30/16 6:00,99.8,0.2
8/30/16 7:00,129.8,0.23333333333333334
8/30/16 8:00,159.8,0.26666666666666666
8/30/16 9:00,189.8,0.3
8/30/16 10:00,194.16666666666669,0.39999999999999997
8/30/16 11:00,198.53333333333333,0.5
8/30/16 12:00,202.9,0.6
8/30/16 13:00,222.6,0.9666666666666667
8/30/16 14:00,242.3,1.3333333333333335
8/30/16 15:00,262,1.7
8/30/16 16:00,255.5,1.7666666666666666
8/30/16 17:00,249.0,1.8333333333333333
8/30/16 18:00,242.5,1.9
8/30/16 19:00,249.13333333333333,1.9666666666666666
8/30/16 20:00,255.76666666666665,2.033333333333333
8/30/16 21:00,262.4,2.1
8/30/16 22:00,252.83333333333331,1.7000000000000002
8/30/16 23:00,243.26666666666665,1.3
8/31/16 0:00,233.7,0.9
8/31/16 1:00,209.7,0.9
8/31/16 2:00,185.7,0.9
8/31/16 3:00,161.7,0.9
8/31/16 4:00,164.86666666666665,0.9333333333333333
8/31/16 5:00,168.03333333333333,0.9666666666666667
8/31/16 6:00,171.2,1
8/31/16 7:00,176.1,1.0333333333333334
8/31/16 8:00,181.0,1.0666666666666667
8/31/16 9:00,185.9,1.1
8/31/16 10:00,195.63333333333333,1.1
8/31/16 11:00,205.36666666666667,1.1
8/31/16 12:00,215.1,1.1
8/31/16 13:00,222.06666666666666,1.5333333333333332
8/31/16 14:00,229.03333333333333,1.9666666666666666
8/31/16 15:00,236,2.4
8/31/16 16:00,234.8,2.3
8/31/16 17:00,233.6,2.2
8/31/16 18:00,232.4,2.1
8/31/16 19:00,233.36666666666667,1.9333333333333333
8/31/16 20:00,234.33333333333334,1.7666666666666668
8/31/16 21:00,235.3,1.6
8/31/16 22:00,235.2499314128944,1.6011888431641519
8/31/16 23:00,235.19986282578876,1.6023776863283037
12/1/16 0:00,125.8,4.2
12/1/16 1:00,126.66666666666667,4.366666666666667
12/1/16 2:00,127.53333333333333,4.533333333333333
12/1/16 3:00,128.4,4.7
12/1/16 4:00,129.4,4.566666666666666
12/1/16 5:00,130.4,4.433333333333334
12/1/16 6:00,131.4,4.3
12/1/16 7:00,130.83333333333334,4.7
12/1/16 8:00,130.26666666666665,5.1
12/1/16 9:00,129.7,5.5
12/1/16 10:00,135.33333333333331,4.333333333333334
12/1/16 11:00,140.96666666666667,3.166666666666667
12/1/16 12:00,146.6,2
12/1/16 13:00,156.23333333333332,1.4666666666666668
12/1/16 14:00,165.86666666666667,0.9333333333333333
12/1/16 15:00,175.5,0.4
12/1/16 16:00,199.13333333333333,0.8666666666666667
12/1/16 17:00,222.76666666666665,1.3333333333333333
12/1/16 18:00,246.4,1.8
12/1/16 19:00,251.26666666666668,2.4333333333333336
12/1/16 20:00,256.1333333333333,3.0666666666666664
12/1/16 21:00,261,3.7
12/1/16 22:00,258.73333333333335,3.466666666666667
12/1/16 23:00,256.46666666666664,3.2333333333333334
12/2/16 0:00,254.2,3
12/2/16 1:00,260.1666666666667,3.066666666666667
12/2/16 2:00,266.1333333333333,3.1333333333333333
12/2/16 3:00,272.1,3.2
12/2/16 4:00,268.5,2.9
12/2/16 5:00,264.90000000000003,2.6
12/2/16 6:00,261.3,2.3
12/2/16 7:00,258.6666666666667,2.1999999999999997
12/2/16 8:00,256.03333333333336,2.1
12/2/16 9:00,253.4,2
12/2/16 10:00,241.4,1.9
12/2/16 11:00,229.4,1.8
12/2/16 12:00,217.4,1.7
12/2/16 13:00,220.23333333333335,1.9666666666666666
12/2/16 14:00,223.06666666666666,2.2333333333333334
12/2/16 15:00,225.9,2.5
12/2/16 16:00,224.63333333333333,2.433333333333333
12/2/16 17:00,223.36666666666667,2.3666666666666667
12/2/16 18:00,222.1,2.3
12/2/16 19:00,234.16666666666666,2.4
12/2/16 20:00,246.23333333333335,2.5
12/2/16 21:00,258.3,2.6
12/2/16 22:00,269.0,2.533333333333333
12/2/16 23:00,279.7,2.466666666666667
12/3/16 0:00,290.4,2.4
12/3/16 1:00,288.06666666666666,2.6333333333333333
12/3/16 2:00,285.7333333333333,2.8666666666666667
12/3/16 3:00,283.4,3.1
12/3/16 4:00,284.2,3.066666666666667
12/3/16 5:00,285.0,3.033333333333333
12/3/16 6:00,285.8,3
12/3/16 7:00,288.53333333333336,3.2
12/3/16 8:00,291.26666666666665,3.4
12/3/16 9:00,294,3.6
12/3/16 10:00,299.2,3.6333333333333333
12/3/16 11:00,304.40000000000003,3.666666666666667
12/3/16 12:00,309.6,3.7
12/3/16 13:00,308.6666666666667,3.6333333333333333
12/3/16 14:00,307.73333333333335,3.566666666666667
12/3/16 15:00,306.8,3.5
12/3/16 16:00,308.3333333333333,3.6666666666666665
12/3/16 17:00,309.8666666666667,3.8333333333333335
12/3/16 18:00,311.4,4
12/3/16 19:00,312.5,3.9
12/3/16 20:00,313.59999999999997,3.8000000000000003
12/3/16 21:00,314.7,3.7
12/3/16 22:00,316.59999999999997,3.7
12/3/16 23:00,318.5,3.7
12/4/16 0:00,320.4,3.7
12/4/16 1:00,317.93333333333334,3.666666666666667
12/4/16 2:00,315.46666666666664,3.6333333333333333
12/4/16 3:00,313,3.6
12/4/16 4:00,314.6666666666667,3.566666666666667
12/4/16 5:00,316.3333333333333,3.533333333333333
12/4/16 6:00,318,3.5
12/4/16 7:00,314.73333333333335,3.4
12/4/16 8:00,311.46666666666664,3.3000000000000003
12/4/16 9:00,308.2,3.2
12/4/16 10:00,308.5333333333333,3.2
12/4/16 11:00,308.8666666666667,3.2
12/4/16 12:00,309.2,3.2
12/4/16 13:00,310.5333333333333,3.3666666666666667
12/4/16 14:00,311.8666666666667,3.5333333333333337
12/4/16 15:00,313.2,3.7
12/4/16 16:00,313.09999999999997,3.7333333333333334
12/4/16 17:00,313.0,3.7666666666666666
12/4/16 18:00,312.9,3.8
12/4/16 19:00,314.9,3.433333333333333
12/4/16 20:00,316.9,3.066666666666667
12/4/16 21:00,318.9,2.7
12/4/16 22:00,320.7,2.2
12/4/16 23:00,322.5,1.7000000000000002
12/5/16 0:00,324.3,1.2
12/5/16 1:00,228.86666666666667,0.9
12/5/16 2:00,133.43333333333334,0.6000000000000001
12/5/16 3:00,38,0.3
12/5/16 4:00,77.06666666666666,0.4666666666666667
12/5/16 5:00,116.13333333333333,0.6333333333333333
12/5/16 6:00,155.2,0.8
12/5/16 7:00,153.63333333333333,0.9333333333333333
12/5/16 8:00,152.06666666666666,1.0666666666666667
12/5/16 9:00,150.5,1.2
12/5/16 10:00,158.5,1.4333333333333333
12/5/16 11:00,166.5,1.6666666666666665
12/5/16 12:00,174.5,1.9
12/5/16 13:00,163.06666666666666,2.0
12/5/16 14:00,151.63333333333333,2.1
12/5/16 15:00,140.2,2.2
12/5/16 16:00,147.1,2.3666666666666667
12/5/16 17:00,154.0,2.5333333333333337
12/5/16 18:00,160.9,2.7
12/5/16 19:00,165.86666666666667,2.4000000000000004
12/5/16 20:00,170.83333333333334,2.1
12/5/16 21:00,175.8,1.8
12/5/16 22:00,201.13333333333335,1.8333333333333333
12/5/16 23:00,226.46666666666667,1.8666666666666667
12/6/16 0:00,251.8,1.9
12/6/16 1:00,265.6333333333333,2.2333333333333334
12/6/16 2:00,279.4666666666667,2.5666666666666664
12/6/16 3:00,293.3,2.9
12/6/16 4:00,298.40000000000003,2.7333333333333334
12/6/16 5:00,303.5,2.5666666666666664
12/6/16 6:00,308.6,2.4
12/6/16 7:00,309.6333333333333,2.2
12/6/16 8:00,310.6666666666667,2.0
12/6/16 9:00,311.7,1.8
12/6/16 10:00,310.43333333333334,1.7666666666666666
12/6/16 11:00,309.16666666666663,1.7333333333333334
12/6/16 12:00,307.9,1.7
12/6/16 13:00,312.3,1.7333333333333334
12/6/16 14:00,316.7,1.7666666666666666
12/6/16 15:00,321.1,1.8
12/6/16 16:00,322.73333333333335,1.6666666666666667
12/6/16 17:00,324.3666666666667,1.5333333333333332
12/6/16 18:00,326,1.4
12/6/16 19:00,335.8333333333333,1.1333333333333333
12/6/16 20:00,345.6666666666667,0.8666666666666667
12/6/16 21:00,355.5,0.6
12/6/16 22:00,258.9666666666667,0.6
12/6/16 23:00,162.43333333333334,0.6
12/7/16 0:00,65.9,0.6
12/7/16 1:00,88.9,0.6333333333333333
12/7/16 2:00,111.9,0.6666666666666666
12/7/16 3:00,134.9,0.7
12/7/16 4:00,138.26666666666668,0.8666666666666666
12/7/16 5:00,141.63333333333333,1.0333333333333332
12/7/16 6:00,145,1.2
12/7/16 7:00,147.8,1.2333333333333334
12/7/16 8:00,150.6,1.2666666666666666
12/7/16 9:00,153.4,1.3
12/7/16 10:00,150.43333333333334,1.2666666666666666
12/7/16 11:00,147.46666666666667,1.2333333333333334
12/7/16 12:00,144.5,1.2
12/7/16 13:00,157.7,1.5333333333333332
12/7/16 14:00,170.9,1.8666666666666667
12/7/16 15:00,184.1,2.2
12/7/16 16:00,188.6,2.466666666666667
12/7/16 17:00,193.1,2.7333333333333334
12/7/16 18:00,197.6,3
12/7/16 19:00,205.56666666666666,2.6666666666666665
12/7/16 20:00,213.53333333333333,2.3333333333333335
12/7/16 21:00,221.5,2
12/7/16 22:00,223.56666666666666,1.7666666666666666
12/7/16 23:00,225.63333333333333,1.5333333333333334
12/8/16 0:00,227.7,1.3
12/8/16 1:00,232.73333333333332,1.4666666666666668
12/8/16 2:00,237.76666666666668,1.6333333333333333
12/8/16 3:00,242.8,1.8
12/8/16 4:00,241.70000000000002,1.6333333333333333
12/8/16 5:00,240.6,1.4666666666666668
12/8/16 6:00,239.5,1.3
12/8/16 7:00,233.33333333333334,1.5
12/8/16 8:00,227.16666666666666,1.7
12/8/16 9:00,221,1.9
12/8/16 10:00,210.6,1.9
12/8/16 11:00,200.20000000000002,1.9
12/8/16 12:00,189.8,1.9
12/8/16 13:00,197.13333333333335,2.1666666666666665
12/8/16 14:00,204.46666666666667,2.4333333333333336
12/8/16 15:00,211.8,2.7
12/8/16 16:00,216.53333333333333,2.7666666666666666
12/8/16 17:00,221.26666666666668,2.8333333333333335
12/8/16 18:00,226,2.9
12/8/16 19:00,241.13333333333333,2.933333333333333
12/8/16 20:00,256.26666666666665,2.966666666666667
12/8/16 21:00,271.4,3
12/8/16 22:00,264.0,2.5666666666666664
12/8/16 23:00,256.59999999999997,2.1333333333333333
12/9/16 0:00,249.2,1.7
12/9/16 1:00,250.76666666666665,2.4
12/9/16 2:00,252.33333333333334,3.0999999999999996
12/9/16 3:00,253.9,3.8
12/9/16 4:00,258.03333333333336,3.833333333333333
12/9/16 5:00,262.1666666666667,3.8666666666666667
12/9/16 6:00,266.3,3.9
12/9/16 7:00,271.93333333333334,3.933333333333333
12/9/16 8:00,277.56666666666666,3.966666666666667
12/9/16 9:00,283.2,4
12/9/16 10:00,285.2,4.266666666666667
12/9/16 11:00,287.2,4.533333333333333
12/9/16 12:00,289.2,4.8
12/9/16 13:00,289.6666666666667,4.6
12/9/16 14:00,290.1333333333333,4.4
12/9/16 15:00,290.6,4.2
12/9/16 16:00,289.4666666666667,4.5
12/9/16 17:00,288.3333333333333,4.8
12/9/16 18:00,287.2,5.1
12/9/16 19:00,286.8333333333333,4.8999999999999995
12/9/16 20:00,286.4666666666667,4.7
12/9/16 21:00,286.1,4.5
12/9/16 22:00,289.73333333333335,4.6
12/9/16 23:00,293.3666666666667,4.7
12/10/16 0:00,297,4.8
12/10/16 1:00,300.6666666666667,4.666666666666667
12/10/16 2:00,304.3333333333333,4.533333333333333
12/10/16 3:00,308,4.4
12/10/16 4:00,303.8,3.966666666666667
12/10/16 5:00,299.59999999999997,3.5333333333333337
12/10/16 6:00,295.4,3.1
12/10/16 7:00,299.8666666666667,3.2
12/10/16 8:00,304.3333333333333,3.3
12/10/16 9:00,308.8,3.4
12/10/16 10:00,309.3,3.2666666666666666
12/10/16 11:00,309.8,3.1333333333333333
12/10/16 12:00,310.3,3
12/10/16 13:00,310.0,3.3666666666666667
12/10/16 14:00,309.7,3.733333333333333
12/10/16 15:00,309.4,4.1
12/10/16 16:00,309.43333333333334,4.066666666666666
12/10/16 17:00,309.46666666666664,4.033333333333333
12/10/16 18:00,309.5,4
12/10/16 19:00,309.6333333333333,3.7333333333333334
12/10/16 20:00,309.76666666666665,3.466666666666667
12/10/16 21:00,309.9,3.2
12/10/16 22:00,299.8666666666667,2.6
12/10/16 23:00,289.8333333333333,2.0
12/11/16 0:00,279.8,1.4
12/11/16 1:00,266.4666666666667,1.2
12/11/16 2:00,253.13333333333335,1.0
12/11/16 3:00,239.8,0.8
12/11/16 4:00,233.53333333333333,0.8
12/11/16 5:00,227.26666666666668,0.8
12/11/16 6:00,221,0.8
12/11/16 7:00,223.36666666666667,0.8
12/11/16 8:00,225.73333333333332,0.8
12/11/16 9:00,228.1,0.8
12/11/16 10:00,223.33333333333334,0.8
12/11/16 11:00,218.56666666666666,0.8
12/11/16 12:00,213.8,0.8
12/11/16 13:00,218.4,0.9
12/11/16 14:00,223.0,1.0
12/11/16 15:00,227.6,1.1
12/11/16 16:00,227.79999999999998,1.2666666666666668
12/11/16 17:00,228.0,1.4333333333333333
12/11/16 18:00,228.2,1.6
12/11/16 19:00,224.0,1.4000000000000001
12/11/16 20:00,219.79999999999998,1.2000000000000002
12/11/16 21:00,215.6,1
12/11/16 22:00,192.2,1.1666666666666667
12/11/16 23:00,168.8,1.3333333333333333
12/12/16 0:00,145.4,1.5
12/12/16 1:00,142.8,1.6333333333333333
12/12/16 2:00,140.2,1.7666666666666666
12/12/16 3:00,137.6,1.9
12/12/16 4:00,135.5,2.1
12/12/16 5:00,133.4,2.3
12/12/16 6:00,131.3,2.5
12/12/16 7:00,133.13333333333335,2.8333333333333335
12/12/16 8:00,134.96666666666667,3.1666666666666665
12/12/16 9:00,136.8,3.5
12/12/16 10:00,135.86666666666667,3.6333333333333333
12/12/16 11:00,134.93333333333334,3.7666666666666666
12/12/16 12:00,134,3.9
12/12/16 13:00,136.96666666666667,3.433333333333333
12/12/16 14:00,139.93333333333334,2.966666666666667
12/12/16 15:00,142.9,2.5
12/12/16 16:00,158.53333333333333,2.3
12/12/16 17:00,174.16666666666669,2.1
12/12/16 18:00,189.8,1.9
12/12/16 19:00,196.1,1.7666666666666666
12/12/16 20:00,202.4,1.6333333333333333
12/12/16 21:00,208.7,1.5
12/12/16 22:00,215.03333333333333,1.7333333333333334
12/12/16 23:00,221.36666666666665,1.9666666666666668
12/13/16 0:00,227.7,2.2
12/13/16 1:00,242.6,2.566666666666667
12/13/16 2:00,257.5,2.933333333333333
12/13/16 3:00,272.4,3.3
12/13/16 4:00,279.43333333333334,3.5666666666666664
12/13/16 5:00,286.46666666666664,3.833333333333333
12/13/16 6:00,293.5,4.1
12/13/16 7:00,293.5,3.9666666666666663
12/13/16 8:00,293.5,3.8333333333333335
12/13/16 9:00,293.5,3.7
12/13/16 10:00,290.73333333333335,3.3333333333333335
12/13/16 11:00,287.96666666666664,2.966666666666667
12/13/16 12:00,285.2,2.6
12/13/16 13:00,279.9,2.6333333333333333
12/13/16 14:00,274.6,2.666666666666667
12/13/16 15:00,269.3,2.7
12/13/16 16:00,254.26666666666668,2.4000000000000004
12/13/16 17:00,239.23333333333332,2.1
12/13/16 18:00,224.2,1.8
12/13/16 19:00,209.86666666666665,1.8333333333333333
12/13/16 20:00,195.53333333333333,1.8666666666666667
12/13/16 21:00,181.2,1.9
12/13/16 22:00,179.53333333333333,2.2333333333333334
12/13/16 23:00,177.86666666666665,2.5666666666666664
12/14/16 0:00,176.2,2.9
12/14/16 1:00,176.2,2.7666666666666666
12/14/16 2:00,176.2,2.6333333333333333
12/14/16 3:00,176.2,2.5
12/14/16 4:00,183.56666666666666,2.533333333333333
12/14/16 5:00,190.93333333333334,2.566666666666667
12/14/16 6:00,198.3,2.6
12/14/16 7:00,204.3,2.6
12/14/16 8:00,210.3,2.6
12/14/16 9:00,216.3,2.6
12/14/16 10:00,234.86666666666667,2.5
12/14/16 11:00,253.43333333333334,2.4
12/14/16 12:00,272,2.3
12/14/16 13:00,278.3,2.7333333333333334
12/14/16 14:00,284.59999999999997,3.1666666666666665
12/14/16 15:00,290.9,3.6
12/14/16 16:00,284.26666666666665,3.4333333333333336
12/14/16 17:00,277.6333333333333,3.2666666666666666
12/14/16 18:00,271,3.1
12/14/16 19:00,257.0,2.566666666666667
12/14/16 20:00,243.0,2.033333333333333
12/14/16 21:00,229,1.5
12/14/16 22:00,229.66666666666666,2.2333333333333334
12/14/16 23:00,230.33333333333334,2.966666666666667
12/15/16 0:00,231,3.7
12/15/16 1:00,222.0,3.3666666666666667
12/15/16 2:00,213.0,3.0333333333333337
12/15/16 3:00,204,2.7
12/15/16 4:00,200.86666666666667,2.566666666666667
12/15/16 5:00,197.73333333333332,2.433333333333333
12/15/16 6:00,194.6,2.3
12/15/16 7:00,223.0,1.6
12/15/16 8:00,251.4,0.9000000000000001
12/15/16 9:00,279.8,0.2
12/15/16 10:00,273.9666666666667,0.9666666666666666
12/15/16 11:00,268.1333333333333,1.7333333333333332
12/15/16 12:00,262.3,2.5
12/15/16 13:00,268.1333333333333,3.466666666666667
12/15/16 14:00,273.9666666666667,4.433333333333334
12/15/16 15:00,279.8,5.4
12/15/16 16:00,280.6333333333333,5.833333333333334
12/15/16 17:00,281.4666666666667,6.266666666666667
12/15/16 18:00,282.3,6.7
12/15/16 19:00,283.06666666666666,6.0
12/15/16 20:00,283.83333333333337,5.3
12/15/16 21:00,284.6,4.6
12/15/16 22:00,290.90000000000003,5.333333333333333
12/15/16 23:00,297.2,6.066666666666666
12/16/16 0:00,303.5,6.8
12/16/16 1:00,303.73333333333335,6.633333333333333
12/16/16 2:00,303.96666666666664,6.466666666666667
12/16/16 3:00,304.2,6.3
12/16/16 4:00,302.7,6.0
12/16/16 5:00,301.2,5.7
12/16/16 6:00,299.7,5.4
12/16/16 7:00,300.3333333333333,5.2
12/16/16 8:00,300.9666666666667,5.0
12/16/16 9:00,301.6,4.8
12/16/16 10:00,299.4666666666667,4.233333333333333
12/16/16 11:00,297.3333333333333,3.666666666666667
12/16/16 12:00,295.2,3.1
12/16/16 13:00,292.4,3.066666666666667
12/16/16 14:00,289.6,3.033333333333333
12/16/16 15:00,286.8,3
12/16/16 16:00,283.26666666666665,2.933333333333333
12/16/16 17:00,279.73333333333335,2.8666666666666667
12/16/16 18:00,276.2,2.8
12/16/16 19:00,259.8333333333333,2.333333333333333
12/16/16 20:00,243.46666666666667,1.8666666666666667
12/16/16 21:00,227.1,1.4
12/16/16 22:00,208.03333333333333,1.4
12/16/16 23:00,188.96666666666667,1.4
12/17/16 0:00,169.9,1.4
12/17/16 1:00,175.26666666666668,1.5666666666666667
12/17/16 2:00,180.63333333333333,1.7333333333333332
12/17/16 3:00,186,1.9
12/17/16 4:00,185.76666666666668,1.8666666666666667
12/17/16 5:00,185.53333333333333,1.8333333333333333
12/17/16 6:00,185.3,1.8
12/17/16 7:00,178.20000000000002,1.8333333333333333
12/17/16 8:00,171.1,1.8666666666666667
12/17/16 9:00,164,1.9
12/17/16 10:00,160.86666666666667,2.0666666666666664
12/17/16 11:00,157.73333333333332,2.2333333333333334
12/17/16 12:00,154.6,2.4
12/17/16 13:00,155.36666666666667,2.433333333333333
12/17/16 14:00,156.13333333333333,2.466666666666667
12/17/16 15:00,156.9,2.5
12/17/16 16:00,153.43333333333334,2.3666666666666667
12/17/16 17:00,149.96666666666667,2.2333333333333334
12/17/16 18:00,146.5,2.1
12/17/16 19:00,151.6,1.7333333333333334
12/17/16 20:00,156.70000000000002,1.3666666666666667
12/17/16 21:00,161.8,1
12/17/16 22:00,167.16666666666669,0.9666666666666667
12/17/16 23:00,172.53333333333333,0.9333333333333333
12/18/16 0:00,177.9,0.9
12/18/16 1:00,176.36666666666667,1.0666666666666667
12/18/16 2:00,174.83333333333334,1.2333333333333334
12/18/16 3:00,173.3,1.4
12/18/16 4:00,170.83333333333334,1.4666666666666666
12/18/16 5:00,168.36666666666667,1.5333333333333334
12/18/16 6:00,165.9,1.6
12/18/16 7:00,168.46666666666667,1.8
12/18/16 8:00,171.03333333333333,2.0
12/18/16 9:00,173.6,2.2
12/18/16 10:00,177.9,2.2333333333333334
12/18/16 11:00,182.2,2.2666666666666666
12/18/16 12:00,186.5,2.3
12/18/16 13:00,185.0,2.6999999999999997
12/18/16 14:00,183.5,3.0999999999999996
12/18/16 15:00,182,3.5
12/18/16 16:00,218.53333333333333,3.566666666666667
12/18/16 17:00,255.06666666666666,3.6333333333333333
12/18/16 18:00,291.6,3.7
12/18/16 19:00,290.3,3.8333333333333335
12/18/16 20:00,289.0,3.9666666666666663
12/18/16 21:00,287.7,4.1
12/18/16 22:00,289.3,4.2
12/18/16 23:00,290.9,4.3
12/19/16 0:00,292.5,4.4
12/19/16 1:00,294.96666666666664,4.633333333333334
12/19/16 2:00,297.43333333333334,4.866666666666666
12/19/16 3:00,299.9,5.1
12/19/16 4:00,302.76666666666665,4.699999999999999
12/19/16 5:00,305.6333333333333,4.3
12/19/16 6:00,308.5,3.9
12/19/16 7:00,310.1333333333333,3.533333333333333
12/19/16 8:00,311.76666666666665,3.1666666666666665
12/19/16 9:00,313.4,2.8
12/19/16 10:00,314.96666666666664,2.2
12/19/16 11:00,316.53333333333336,1.6
12/19/16 12:00,318.1,1
12/19/16 13:00,311.7666666666667,1.1
12/19/16 14:00,305.43333333333334,1.2
12/19/16 15:00,299.1,1.3
12/19/16 16:00,299.43333333333334,1.4000000000000001
12/19/16 17:00,299.7666666666667,1.5
12/19/16 18:00,300.1,1.6
12/19/16 19:00,283.1333333333333,1.3666666666666667
12/19/16 20:00,266.1666666666667,1.1333333333333333
12/19/16 21:00,249.2,0.9
12/19/16 22:00,240.36666666666665,0.9333333333333333
12/19/16 23:00,231.53333333333333,0.9666666666666667
12/20/16 0:00,222.7,1
12/20/16 1:00,210.06666666666666,1.0
12/20/16 2:00,197.43333333333334,1.0
12/20/16 3:00,184.8,1
12/20/16 4:00,192.66666666666669,0.8666666666666667
12/20/16 5:00,200.53333333333333,0.7333333333333334
12/20/16 6:00,208.4,0.6
12/20/16 7:00,197.36666666666667,0.5333333333333333
12/20/16 8:00,186.33333333333334,0.4666666666666667
12/20/16 9:00,175.3,0.4
12/20/16 10:00,177.73333333333335,0.5
12/20/16 11:00,180.16666666666666,0.6
12/20/16 12:00,182.6,0.7
12/20/16 13:00,180.53333333333333,1.0999999999999999
12/20/16 14:00,178.46666666666667,1.5
12/20/16 15:00,176.4,1.9
12/20/16 16:00,182.9,2.2666666666666666
12/20/16 17:00,189.4,2.6333333333333333
12/20/16 18:00,195.9,3
12/20/16 19:00,190.53333333333333,2.966666666666667
12/20/16 20:00,185.16666666666669,2.933333333333333
12/20/16 21:00,179.8,2.9
12/20/16 22:00,183.13333333333335,2.9
12/20/16 23:00,186.46666666666667,2.9
12/21/16 0:00,189.8,2.9
12/21/16 1:00,193.3,3.0
12/21/16 2:00,196.8,3.1
12/21/16 3:00,200.3,3.2
12/21/16 4:00,205.4,2.966666666666667
12/21/16 5:00,210.5,2.7333333333333334
12/21/16 6:00,215.6,2.5
12/21/16 7:00,216.0,2.533333333333333
12/21/16 8:00,216.4,2.566666666666667
12/21/16 9:00,216.8,2.6
12/21/16 10:00,214.93333333333334,2.466666666666667
12/21/16 11:00,213.06666666666666,2.3333333333333335
12/21/16 12:00,211.2,2.2
12/21/16 13:00,221.53333333333333,2.2333333333333334
12/21/16 14:00,231.86666666666665,2.2666666666666666
12/21/16 15:00,242.2,2.3
12/21/16 16:00,245.63333333333333,2.8
12/21/16 17:00,249.06666666666666,3.3
12/21/16 18:00,252.5,3.8
12/21/16 19:00,253.93333333333334,3.7333333333333334
12/21/16 20:00,255.36666666666667,3.6666666666666665
12/21/16 21:00,256.8,3.6
12/21/16 22:00,257.6333333333333,3.1
12/21/16 23:00,258.4666666666667,2.6
12/22/16 0:00,259.3,2.1
12/22/16 1:00,256.73333333333335,2.1333333333333333
12/22/16 2:00,254.16666666666666,2.166666666666667
12/22/16 3:00,251.6,2.2
12/22/16 4:00,240.56666666666666,1.9333333333333336
12/22/16 5:00,229.53333333333333,1.6666666666666667
12/22/16 6:00,218.5,1.4
12/22/16 7:00,208.56666666666666,1.5999999999999999
12/22/16 8:00,198.63333333333333,1.7999999999999998
12/22/16 9:00,188.7,2
12/22/16 10:00,187.96666666666667,2.1666666666666665
12/22/16 11:00,187.23333333333332,2.3333333333333335
12/22/16 12:00,186.5,2.5
12/22/16 13:00,186.96666666666667,2.466666666666667
12/22/16 14:00,187.43333333333334,2.433333333333333
12/22/16 15:00,187.9,2.4
12/22/16 16:00,193.1,2.2333333333333334
12/22/16 17:00,198.3,2.0666666666666664
12/22/16 18:00,203.5,1.9
12/22/16 19:00,226.06666666666666,1.7
12/22/16 20:00,248.63333333333333,1.5
12/22/16 21:00,271.2,1.3
12/22/16 22:00,280.6333333333333,1.5666666666666667
12/22/16 23:00,290.06666666666666,1.8333333333333335
12/23/16 0:00,299.5,2.1
12/23/16 1:00,298.4,2.2666666666666666
12/23/16 2:00,297.3,2.4333333333333336
12/23/16 3:00,296.2,2.6
12/23/16 4:00,295.43333333333334,2.8000000000000003
12/23/16 5:00,294.66666666666663,3.0
12/23/16 6:00,293.9,3.2
12/23/16 7:00,289.2,3.1333333333333333
12/23/16 8:00,284.5,3.066666666666667
12/23/16 9:00,279.8,3
12/23/16 10:00,272.26666666666665,2.8666666666666667
12/23/16 11:00,264.73333333333335,2.7333333333333334
12/23/16 12:00,257.2,2.6
12/23/16 13:00,259.1666666666667,2.9333333333333336
12/23/16 14:00,261.1333333333333,3.2666666666666666
12/23/16 15:00,263.1,3.6
12/23/16 16:00,254.63333333333335,3.466666666666667
12/23/16 17:00,246.16666666666666,3.3333333333333335
12/23/16 18:00,237.7,3.2
12/23/16 19:00,235.86666666666665,3.0
12/23/16 20:00,234.03333333333333,2.8000000000000003
12/23/16 21:00,232.2,2.6
12/23/16 22:00,222.33333333333331,2.2666666666666666
12/23/16 23:00,212.46666666666667,1.9333333333333336
12/24/16 0:00,202.6,1.6
12/24/16 1:00,192.5,1.4666666666666668
12/24/16 2:00,182.4,1.3333333333333335
12/24/16 3:00,172.3,1.2
12/24/16 4:00,174.96666666666667,1.3
12/24/16 5:00,177.63333333333335,1.4
12/24/16 6:00,180.3,1.5
12/24/16 7:00,180.16666666666669,1.4
12/24/16 8:00,180.03333333333333,1.3
12/24/16 9:00,179.9,1.2
12/24/16 10:00,174.93333333333334,1.4666666666666666
12/24/16 11:00,169.96666666666667,1.7333333333333334
12/24/16 12:00,165,2
12/24/16 13:00,177.73333333333332,2.6666666666666665
12/24/16 14:00,190.46666666666667,3.333333333333333
12/24/16 15:00,203.2,4
12/24/16 16:00,203.96666666666667,3.8
12/24/16 17:00,204.73333333333332,3.6
12/24/16 18:00,205.5,3.4
12/24/16 19:00,226.36666666666667,3.466666666666667
12/24/16 20:00,247.23333333333335,3.533333333333333
12/24/16 21:00,268.1,3.6
12/24/16 22:00,272.83333333333337,3.566666666666667
12/24/16 23:00,277.56666666666666,3.533333333333333
12/25/16 0:00,282.3,3.5
12/25/16 1:00,280.9666666666667,3.6333333333333333
12/25/16 2:00,279.6333333333333,3.7666666666666666
12/25/16 3:00,278.3,3.9
12/25/16 4:00,278.8,4.033333333333333
12/25/16 5:00,279.3,4.166666666666666
12/25/16 6:00,279.8,4.3
12/25/16 7:00,285.8666666666667,4.466666666666667
12/25/16 8:00,291.93333333333334,4.633333333333333
12/25/16 9:00,298,4.8
12/25/16 10:00,302.96666666666664,5.033333333333333
12/25/16 11:00,307.93333333333334,5.266666666666667
12/25/16 12:00,312.9,5.5
12/25/16 13:00,315.66666666666663,5.633333333333334
12/25/16 14:00,318.43333333333334,5.766666666666667
12/25/16 15:00,321.2,5.9
12/25/16 16:00,321.8,5.6000000000000005
12/25/16 17:00,322.4,5.3
12/25/16 18:00,323,5
12/25/16 19:00,324.23333333333335,4.566666666666666
12/25/16 20:00,325.46666666666664,4.133333333333334
12/25/16 21:00,326.7,3.7
12/25/16 22:00,328.5,3.166666666666667
12/25/16 23:00,330.3,2.6333333333333337
12/26/16 0:00,332.1,2.1
12/26/16 1:00,327.8,1.8666666666666667
12/26/16 2:00,323.5,1.6333333333333333
12/26/16 3:00,319.2,1.4
12/26/16 4:00,328.09999999999997,1.1
12/26/16 5:00,337.0,0.8
12/26/16 6:00,345.9,0.5
12/26/16 7:00,256.9,0.5666666666666667
12/26/16 8:00,167.89999999999998,0.6333333333333333
12/26/16 9:00,78.9,0.7
12/26/16 10:00,96.13333333333333,0.7666666666666666
12/26/16 11:00,113.36666666666666,0.8333333333333333
12/26/16 12:00,130.6,0.9
12/26/16 13:00,136.1,1.2
12/26/16 14:00,141.6,1.5
12/26/16 15:00,147.1,1.8
12/26/16 16:00,152.2,2.333333333333333
12/26/16 17:00,157.3,2.8666666666666663
12/26/16 18:00,162.4,3.4
12/26/16 19:00,163.86666666666667,4.066666666666666
12/26/16 20:00,165.33333333333334,4.733333333333333
12/26/16 21:00,166.8,5.4
12/26/16 22:00,169.43333333333334,5.133333333333334
12/26/16 23:00,172.06666666666666,4.866666666666666
12/27/16 0:00,174.7,4.6
12/27/16 1:00,175.73333333333332,4.7
12/27/16 2:00,176.76666666666668,4.8
12/27/16 3:00,177.8,4.9
12/27/16 4:00,181.8,4.533333333333333
12/27/16 5:00,185.8,4.166666666666667
12/27/16 6:00,189.8,3.8
12/27/16 7:00,194.93333333333334,3.6333333333333333
12/27/16 8:00,200.06666666666666,3.4666666666666663
12/27/16 9:00,205.2,3.3
12/27/16 10:00,217.23333333333332,3.833333333333333
12/27/16 11:00,229.26666666666668,4.366666666666667
12/27/16 12:00,241.3,4.9
12/27/16 13:00,252.13333333333335,4.8
12/27/16 14:00,262.9666666666667,4.7
12/27/16 15:00,273.8,4.6
12/27/16 16:00,274.40000000000003,4.5
12/27/16 17:00,275.0,4.3999999999999995
12/27/16 18:00,275.6,4.3
12/27/16 19:00,278.40000000000003,4.466666666666667
12/27/16 20:00,281.2,4.633333333333333
12/27/16 21:00,284,4.8
12/27/16 22:00,284.0,4.7
12/27/16 23:00,284.0,4.6
12/28/16 0:00,284,4.5
12/28/16 1:00,280.0,4.133333333333333
12/28/16 2:00,276.0,3.7666666666666666
12/28/16 3:00,272,3.4
12/28/16 4:00,271.3333333333333,3.4
12/28/16 5:00,270.6666666666667,3.4
12/28/16 6:00,270,3.4
12/28/16 7:00,270.43333333333334,3.3
12/28/16 8:00,270.8666666666667,3.2
12/28/16 9:00,271.3,3.1
12/28/16 10:00,275.03333333333336,3.033333333333333
12/28/16 11:00,278.76666666666665,2.966666666666667
12/28/16 12:00,282.5,2.9
12/28/16 13:00,289.5,2.9
12/28/16 14:00,296.5,2.9
12/28/16 15:00,303.5,2.9
12/28/16 16:00,302.46666666666664,3.1
12/28/16 17:00,301.43333333333334,3.3
12/28/16 18:00,300.4,3.5
12/28/16 19:00,303.06666666666666,3.3
12/28/16 20:00,305.7333333333333,3.1
12/28/16 21:00,308.4,2.9
12/28/16 22:00,308.16666666666663,2.3
12/28/16 23:00,307.93333333333334,1.7000000000000002
12/29/16 0:00,307.7,1.1
12/29/16 1:00,283.3666666666667,0.8666666666666667
12/29/16 2:00,259.0333333333333,0.6333333333333334
12/29/16 3:00,234.7,0.4
12/29/16 4:00,204.2,0.5
12/29/16 5:00,173.7,0.6
12/29/16 6:00,143.2,0.7
12/29/16 7:00,138.29999999999998,0.8999999999999999
12/29/16 8:00,133.4,1.1
12/29/16 9:00,128.5,1.3
12/29/16 10:00,131.93333333333334,1.7999999999999998
12/29/16 11:00,135.36666666666667,2.3
12/29/16 12:00,138.8,2.8
12/29/16 13:00,141.03333333333333,3.1666666666666665
12/29/16 14:00,143.26666666666668,3.533333333333333
12/29/16 15:00,145.5,3.9
12/29/16 16:00,144.1,3.7333333333333334
12/29/16 17:00,142.70000000000002,3.5666666666666664
12/29/16 18:00,141.3,3.4
12/29/16 19:00,136.53333333333333,3.3666666666666667
12/29/16 20:00,131.76666666666668,3.333333333333333
12/29/16 21:00,127,3.3
12/29/16 22:00,126.56666666666666,2.833333333333333
12/29/16 23:00,126.13333333333334,2.3666666666666667
12/30/16 0:00,125.7,1.9
12/30/16 1:00,120.76666666666667,1.4333333333333333
12/30/16 2:00,115.83333333333334,0.9666666666666667
12/30/16 3:00,110.9,0.5
12/30/16 4:00,177.6,1.4333333333333331
12/30/16 5:00,244.29999999999998,2.3666666666666663
12/30/16 6:00,311,3.3
12/30/16 7:00,303.3333333333333,4.2
12/30/16 8:00,295.6666666666667,5.1
12/30/16 9:00,288,6
12/30/16 10:00,283.96666666666664,5.7
12/30/16 11:00,279.93333333333334,5.3999999999999995
12/30/16 12:00,275.9,5.1
12/30/16 13:00,271.06666666666666,4.766666666666667
12/30/16 14:00,266.2333333333333,4.433333333333333
12/30/16 15:00,261.4,4.1
12/30/16 16:00,262.9,4.433333333333333
12/30/16 17:00,264.4,4.766666666666667
12/30/16 18:00,265.9,5.1
12/30/16 19:00,267.2333333333333,5.033333333333333
12/30/16 20:00,268.56666666666666,4.966666666666667
12/30/16 21:00,269.9,4.9
12/30/16 22:00,272.2,4.8
12/30/16 23:00,274.5,4.7
12/31/16 0:00,276.8,4.6
12/31/16 1:00,278.7,4.433333333333333
12/31/16 2:00,280.6,4.266666666666667
12/31/16 3:00,282.5,4.1
12/31/16 4:00,280.6666666666667,3.933333333333333
12/31/16 5:00,278.8333333333333,3.7666666666666666
12/31/16 6:00,277,3.6
12/31/16 7:00,278.8333333333333,3.4333333333333336
12/31/16 8:00,280.6666666666667,3.2666666666666666
12/31/16 9:00,282.5,3.1
12/31/16 10:00,281.6,2.566666666666667
12/31/16 11:00,280.7,2.033333333333333
12/31/16 12:00,279.8,1.5
12/31/16 13:00,255.56666666666666,1.6333333333333333
12/31/16 14:00,231.33333333333334,1.7666666666666666
12/31/16 15:00,207.1,1.9
12/31/16 16:00,197.06666666666666,2.3666666666666667
12/31/16 17:00,187.03333333333333,2.833333333333333
12/31/16 18:00,177,3.3
12/31/16 19:00,171.66666666666666,3.3666666666666667
12/31/16 20:00,166.33333333333334,3.433333333333333
12/31/16 21:00,161,3.5
12/31/16 22:00,161.0,3.5
12/31/16 23:00,161.0,3.5
